qid,participant_id,task_id,anchor_id,primary_dimension,secondary_dimension,repeat_of,hotel_id,label,position,shown,spatial,accessibility,facility,economic,disruption,dwell_ms,n_shown,n_total,decision_ms,time_to_first_interaction_ms,revisions,final_sort,final_query,final_max_price,age_band,occupation,salary_band,home_area
1,7dbfdcc8-51b9-4436-980a-b749a1c6af7d,t1,,,,,lp9855f,0,0,0,0.375,0.506,0.878,0.688,0.695,391,0,5,2413,13,0,,,,18–24,,,
1,7dbfdcc8-51b9-4436-980a-b749a1c6af7d,t1,,,,,lp102b02,0,0,0,0,0.3,0.984,0.625,1,522,0,5,2413,13,0,,,,18–24,,,
1,7dbfdcc8-51b9-4436-980a-b749a1c6af7d,t1,,,,,lp30277,0,0,0,0.938,0.769,0.976,0.125,0.438,33,0,5,2413,13,0,,,,18–24,,,
1,7dbfdcc8-51b9-4436-980a-b749a1c6af7d,t1,,,,,lpb1537,0,0,0,0.562,0.544,0.988,0,0.663,34,0,5,2413,13,0,,,,18–24,,,
1,7dbfdcc8-51b9-4436-980a-b749a1c6af7d,t1,,,,,lp81760,0,0,0,0.188,0.169,0.878,0.875,0.808,33,0,5,2413,13,0,,,,18–24,,,
2,7dbfdcc8-51b9-4436-980a-b749a1c6af7d,t2,,,,,lp656d3aa9,0,0,0,0.062,0.25,0.882,0.812,0.883,0,0,5,1811,130,0,,,,18–24,,,
2,7dbfdcc8-51b9-4436-980a-b749a1c6af7d,t2,,,,,lp81760,0,0,0,0.188,0.169,0.878,0.875,0.808,319,0,5,1811,130,0,,,,18–24,,,
2,7dbfdcc8-51b9-4436-980a-b749a1c6af7d,t2,,,,,lpb1537,0,0,0,0.562,0.544,0.988,0,0.663,151,0,5,1811,130,0,,,,18–24,,,
2,7dbfdcc8-51b9-4436-980a-b749a1c6af7d,t2,,,,,lp30277,0,0,0,0.938,0.769,0.976,0.125,0.438,167,0,5,1811,130,0,,,,18–24,,,
2,7dbfdcc8-51b9-4436-980a-b749a1c6af7d,t2,,,,,lp102b02,0,0,0,0,0.3,0.984,0.625,1,316,0,5,1811,130,0,,,,18–24,,,
3,7dbfdcc8-51b9-4436-980a-b749a1c6af7d,t3,,,,,lp741c5,0,0,0,0.562,0.656,0.89,0.5,0.583,299,0,5,1705,49,0,,,,18–24,,,
3,7dbfdcc8-51b9-4436-980a-b749a1c6af7d,t3,,,,,lp81760,0,0,0,0.188,0.169,0.878,0.875,0.808,131,0,5,1705,49,0,,,,18–24,,,
3,7dbfdcc8-51b9-4436-980a-b749a1c6af7d,t3,,,,,lp102b02,0,0,0,0,0.3,0.984,0.625,1,151,0,5,1705,49,0,,,,18–24,,,
3,7dbfdcc8-51b9-4436-980a-b749a1c6af7d,t3,,,,,lpb1537,0,0,0,0.562,0.544,0.988,0,0.663,282,0,5,1705,49,0,,,,18–24,,,
3,7dbfdcc8-51b9-4436-980a-b749a1c6af7d,t3,,,,,lp30277,0,0,0,0.938,0.769,0.976,0.125,0.438,82,0,5,1705,49,0,,,,18–24,,,
4,7dbfdcc8-51b9-4436-980a-b749a1c6af7d,t4,,,,,lp81760,0,0,0,0.188,0.169,0.878,0.875,0.808,0,0,5,1529,38,0,,,,18–24,,,
4,7dbfdcc8-51b9-4436-980a-b749a1c6af7d,t4,,,,,lp102b02,0,0,0,0,0.3,0.984,0.625,1,252,0,5,1529,38,0,,,,18–24,,,
4,7dbfdcc8-51b9-4436-980a-b749a1c6af7d,t4,,,,,lp1bc0d,0,0,0,0.562,0.469,0.968,0.188,0.663,151,0,5,1529,38,0,,,,18–24,,,
4,7dbfdcc8-51b9-4436-980a-b749a1c6af7d,t4,,,,,lp30277,0,0,0,0.938,0.769,0.976,0.125,0.438,133,0,5,1529,38,0,,,,18–24,,,
4,7dbfdcc8-51b9-4436-980a-b749a1c6af7d,t4,,,,,lpb1537,0,0,0,0.562,0.544,0.988,0,0.663,199,0,5,1529,38,0,,,,18–24,,,
5,7dbfdcc8-51b9-4436-980a-b749a1c6af7d,t5,,,,,lp30277,0,0,0,0.938,0.769,0.976,0.125,0.438,0,0,5,1426,57,0,,,,18–24,,,
5,7dbfdcc8-51b9-4436-980a-b749a1c6af7d,t5,,,,,lp3e58e,0,0,0,0.188,0.262,0.968,0.25,0.887,261,0,5,1426,57,0,,,,18–24,,,
5,7dbfdcc8-51b9-4436-980a-b749a1c6af7d,t5,,,,,lp81760,0,0,0,0.188,0.169,0.878,0.875,0.808,133,0,5,1426,57,0,,,,18–24,,,
5,7dbfdcc8-51b9-4436-980a-b749a1c6af7d,t5,,,,,lpb1537,0,0,0,0.562,0.544,0.988,0,0.663,149,0,5,1426,57,0,,,,18–24,,,
5,7dbfdcc8-51b9-4436-980a-b749a1c6af7d,t5,,,,,lp102b02,0,0,0,0,0.3,0.984,0.625,1,216,0,5,1426,57,0,,,,18–24,,,
6,17b175bb-7581-4da4-be00-83ed4e1a41e4,t1,galle_face,spatial,economic,,lp102b02,0,21,1,0.4,0.343,0.984,0.429,0.688,0,35,35,30844,92,0,distance,,,18–24,Student,"Under LKR 50,000",Kotte / Nawala
6,17b175bb-7581-4da4-be00-83ed4e1a41e4,t1,galle_face,spatial,economic,,lp6557c6e0,0,17,1,0.514,0.571,0.894,0.257,0.45,0,35,35,30844,92,0,distance,,,18–24,Student,"Under LKR 50,000",Kotte / Nawala
6,17b175bb-7581-4da4-be00-83ed4e1a41e4,t1,galle_face,spatial,economic,,lp741c5,0,18,1,0.486,0.486,0.89,0.4,0.325,0,35,35,30844,92,0,distance,,,18–24,Student,"Under LKR 50,000",Kotte / Nawala
6,17b175bb-7581-4da4-be00-83ed4e1a41e4,t1,galle_face,spatial,economic,,lp9855f,0,6,1,0.8,0.686,0.878,0.514,0.575,0,35,35,30844,92,0,distance,,,18–24,Student,"Under LKR 50,000",Kotte / Nawala
6,17b175bb-7581-4da4-be00-83ed4e1a41e4,t1,galle_face,spatial,economic,,lp655a9e91,0,7,1,0.771,0.743,0.882,0.743,0.575,0,35,35,30844,92,0,distance,,,18–24,Student,"Under LKR 50,000",Kotte / Nawala
6,17b175bb-7581-4da4-be00-83ed4e1a41e4,t1,galle_face,spatial,economic,,lp656d3aa9,0,20,1,0.429,0.543,0.882,0.6,0.45,0,35,35,30844,92,0,distance,,,18–24,Student,"Under LKR 50,000",Kotte / Nawala
6,17b175bb-7581-4da4-be00-83ed4e1a41e4,t1,galle_face,spatial,economic,,lp803e1,0,8,1,0.743,0.857,0.98,0.343,0.375,0,35,35,30844,92,0,distance,,,18–24,Student,"Under LKR 50,000",Kotte / Nawala
6,17b175bb-7581-4da4-be00-83ed4e1a41e4,t1,galle_face,spatial,economic,,lpb1537,1,1,1,0.971,0.971,0.988,0.029,0.375,12148,35,35,30844,92,0,distance,,,18–24,Student,"Under LKR 50,000",Kotte / Nawala
6,17b175bb-7581-4da4-be00-83ed4e1a41e4,t1,galle_face,spatial,economic,,lp3e58e,0,2,1,0.943,0.914,0.968,0.286,0.625,803,35,35,30844,92,0,distance,,,18–24,Student,"Under LKR 50,000",Kotte / Nawala
6,17b175bb-7581-4da4-be00-83ed4e1a41e4,t1,galle_face,spatial,economic,,lp30277,0,12,1,0.657,0.457,0.976,0.143,0.5,0,35,35,30844,92,0,distance,,,18–24,Student,"Under LKR 50,000",Kotte / Nawala
6,17b175bb-7581-4da4-be00-83ed4e1a41e4,t1,galle_face,spatial,economic,,lp67708,0,32,1,0.086,0.114,0.862,0.829,0.762,0,35,35,30844,92,0,distance,,,18–24,Student,"Under LKR 50,000",Kotte / Nawala
6,17b175bb-7581-4da4-be00-83ed4e1a41e4,t1,galle_face,spatial,economic,,lp7c172,0,34,1,0.029,0.057,0.862,0.8,0.825,0,35,35,30844,92,0,distance,,,18–24,Student,"Under LKR 50,000",Kotte / Nawala
6,17b175bb-7581-4da4-be00-83ed4e1a41e4,t1,galle_face,spatial,economic,,lp33ddb,0,3,1,0.886,0.771,0.98,0.114,0.5,284,35,35,30844,92,0,distance,,,18–24,Student,"Under LKR 50,000",Kotte / Nawala
6,17b175bb-7581-4da4-be00-83ed4e1a41e4,t1,galle_face,spatial,economic,,lpa0a8a,0,14,1,0.543,0.514,0.984,0.171,0.312,0,35,35,30844,92,0,distance,,,18–24,Student,"Under LKR 50,000",Kotte / Nawala
6,17b175bb-7581-4da4-be00-83ed4e1a41e4,t1,galle_face,spatial,economic,,lp1bc0d,0,4,1,0.914,0.6,0.968,0.2,0.562,0,35,35,30844,92,0,distance,,,18–24,Student,"Under LKR 50,000",Kotte / Nawala
6,17b175bb-7581-4da4-be00-83ed4e1a41e4,t1,galle_face,spatial,economic,,lp71118,0,9,1,0.829,0.8,0.76,0.971,0.525,0,35,35,30844,92,0,distance,,,18–24,Student,"Under LKR 50,000",Kotte / Nawala
6,17b175bb-7581-4da4-be00-83ed4e1a41e4,t1,galle_face,spatial,economic,,lp96bf6,0,22,1,0.371,0.2,0.8,0.371,0.812,0,35,35,30844,92,0,distance,,,18–24,Student,"Under LKR 50,000",Kotte / Nawala
6,17b175bb-7581-4da4-be00-83ed4e1a41e4,t1,galle_face,spatial,economic,,lp43673,0,35,1,0,0,0.87,0.486,0.95,0,35,35,30844,92,0,distance,,,18–24,Student,"Under LKR 50,000",Kotte / Nawala
6,17b175bb-7581-4da4-be00-83ed4e1a41e4,t1,galle_face,spatial,economic,,lpc0df6,0,24,1,0.314,0.229,0.693,0.857,0.713,0,35,35,30844,92,0,distance,,,18–24,Student,"Under LKR 50,000",Kotte / Nawala
6,17b175bb-7581-4da4-be00-83ed4e1a41e4,t1,galle_face,spatial,economic,,lp6574b103,0,15,1,0.571,0.657,0.98,0.086,0.375,0,35,35,30844,92,0,distance,,,18–24,Student,"Under LKR 50,000",Kotte / Nawala
6,17b175bb-7581-4da4-be00-83ed4e1a41e4,t1,galle_face,spatial,economic,,lp81760,0,5,1,0.857,0.943,0.878,0.629,0.575,0,35,35,30844,92,0,distance,,,18–24,Student,"Under LKR 50,000",Kotte / Nawala
6,17b175bb-7581-4da4-be00-83ed4e1a41e4,t1,galle_face,spatial,economic,,lp6583218e,0,11,1,0.686,0.829,0.956,0.543,0.375,199,35,35,30844,92,0,distance,,,18–24,Student,"Under LKR 50,000",Kotte / Nawala
6,17b175bb-7581-4da4-be00-83ed4e1a41e4,t1,galle_face,spatial,economic,,lp67286,0,25,1,0.257,0.314,0.89,0.457,0.762,0,35,35,30844,92,0,distance,,,18–24,Student,"Under LKR 50,000",Kotte / Nawala
6,17b175bb-7581-4da4-be00-83ed4e1a41e4,t1,galle_face,spatial,economic,,lpc08f9,0,13,1,0.629,0.714,0.89,0.771,0.2,0,35,35,30844,92,0,distance,,,18–24,Student,"Under LKR 50,000",Kotte / Nawala
6,17b175bb-7581-4da4-be00-83ed4e1a41e4,t1,galle_face,spatial,economic,,lp73ace,0,29,1,0.171,0.286,0.866,0.714,0.825,0,35,35,30844,92,0,distance,,,18–24,Student,"Under LKR 50,000",Kotte / Nawala
6,17b175bb-7581-4da4-be00-83ed4e1a41e4,t1,galle_face,spatial,economic,,lp857b8,0,28,1,0.2,0.171,0.89,0.657,0.762,0,35,35,30844,92,0,distance,,,18–24,Student,"Under LKR 50,000",Kotte / Nawala
6,17b175bb-7581-4da4-be00-83ed4e1a41e4,t1,galle_face,spatial,economic,,lp72a36,0,33,1,0.057,0.029,0.878,0.686,0.887,0,35,35,30844,92,0,distance,,,18–24,Student,"Under LKR 50,000",Kotte / Nawala
6,17b175bb-7581-4da4-be00-83ed4e1a41e4,t1,galle_face,spatial,economic,,lp800a1,0,16,1,0.6,0.429,0.894,0.229,0.2,0,35,35,30844,92,0,distance,,,18–24,Student,"Under LKR 50,000",Kotte / Nawala
6,17b175bb-7581-4da4-be00-83ed4e1a41e4,t1,galle_face,spatial,economic,,lp656d40c7,0,19,1,0.457,0.629,0.988,0.057,0.5,0,35,35,30844,92,0,distance,,,18–24,Student,"Under LKR 50,000",Kotte / Nawala
6,17b175bb-7581-4da4-be00-83ed4e1a41e4,t1,galle_face,spatial,economic,,lp3ca7d,0,10,1,0.714,0.886,0.71,0.571,0.325,0,35,35,30844,92,0,distance,,,18–24,Student,"Under LKR 50,000",Kotte / Nawala
6,17b175bb-7581-4da4-be00-83ed4e1a41e4,t1,galle_face,spatial,economic,,lp40d3f,0,31,1,0.114,0.143,0.85,0.886,0.762,0,35,35,30844,92,0,distance,,,18–24,Student,"Under LKR 50,000",Kotte / Nawala
6,17b175bb-7581-4da4-be00-83ed4e1a41e4,t1,galle_face,spatial,economic,,lp5f0e5,0,23,1,0.343,0.257,0.98,0,0.812,0,35,35,30844,92,0,distance,,,18–24,Student,"Under LKR 50,000",Kotte / Nawala
6,17b175bb-7581-4da4-be00-83ed4e1a41e4,t1,galle_face,spatial,economic,,lp6e625,0,30,1,0.143,0.086,0.78,0.914,0.838,0,35,35,30844,92,0,distance,,,18–24,Student,"Under LKR 50,000",Kotte / Nawala
6,17b175bb-7581-4da4-be00-83ed4e1a41e4,t1,galle_face,spatial,economic,,lp65589ffb,0,27,1,0.229,0.371,0.812,0.314,0.713,0,35,35,30844,92,0,distance,,,18–24,Student,"Under LKR 50,000",Kotte / Nawala
6,17b175bb-7581-4da4-be00-83ed4e1a41e4,t1,galle_face,spatial,economic,,lp6f007,0,26,1,0.286,0.4,0.525,0.943,0.662,0,35,35,30844,92,0,distance,,,18–24,Student,"Under LKR 50,000",Kotte / Nawala
7,17b175bb-7581-4da4-be00-83ed4e1a41e4,t2,battaramulla,accessibility,facility,,lp102b02,0,15,1,0.514,0.486,0.984,0.429,0.688,0,35,35,9363,572,0,distance,,,18–24,Student,"Under LKR 50,000",Kotte / Nawala
7,17b175bb-7581-4da4-be00-83ed4e1a41e4,t2,battaramulla,accessibility,facility,,lp6557c6e0,0,21,1,0.343,0.571,0.894,0.257,0.45,0,35,35,9363,572,0,distance,,,18–24,Student,"Under LKR 50,000",Kotte / Nawala
7,17b175bb-7581-4da4-be00-83ed4e1a41e4,t2,battaramulla,accessibility,facility,,lp741c5,0,16,1,0.543,0.714,0.89,0.4,0.325,0,35,35,9363,572,0,distance,,,18–24,Student,"Under LKR 50,000",Kotte / Nawala
7,17b175bb-7581-4da4-be00-83ed4e1a41e4,t2,battaramulla,accessibility,facility,,lp9855f,0,30,1,0.086,0.171,0.878,0.514,0.575,0,35,35,9363,572,0,distance,,,18–24,Student,"Under LKR 50,000",Kotte / Nawala
7,17b175bb-7581-4da4-be00-83ed4e1a41e4,t2,battaramulla,accessibility,facility,,lp655a9e91,0,31,1,0.114,0.229,0.882,0.743,0.575,0,35,35,9363,572,0,distance,,,18–24,Student,"Under LKR 50,000",Kotte / Nawala
7,17b175bb-7581-4da4-be00-83ed4e1a41e4,t2,battaramulla,accessibility,facility,,lp656d3aa9,0,18,1,0.486,0.514,0.882,0.6,0.45,0,35,35,9363,572,0,distance,,,18–24,Student,"Under LKR 50,000",Kotte / Nawala
7,17b175bb-7581-4da4-be00-83ed4e1a41e4,t2,battaramulla,accessibility,facility,,lp803e1,0,26,1,0.229,0.343,0.98,0.343,0.375,0,35,35,9363,572,0,distance,,,18–24,Student,"Under LKR 50,000",Kotte / Nawala
7,17b175bb-7581-4da4-be00-83ed4e1a41e4,t2,battaramulla,accessibility,facility,,lpb1537,0,28,1,0.2,0.286,0.988,0.029,0.375,0,35,35,9363,572,0,distance,,,18–24,Student,"Under LKR 50,000",Kotte / Nawala
7,17b175bb-7581-4da4-be00-83ed4e1a41e4,t2,battaramulla,accessibility,facility,,lp3e58e,0,33,1,0.057,0.057,0.968,0.286,0.625,0,35,35,9363,572,0,distance,,,18–24,Student,"Under LKR 50,000",Kotte / Nawala
7,17b175bb-7581-4da4-be00-83ed4e1a41e4,t2,battaramulla,accessibility,facility,,lp30277,0,12,1,0.657,0.8,0.976,0.143,0.5,0,35,35,9363,572,0,distance,,,18–24,Student,"Under LKR 50,000",Kotte / Nawala
7,17b175bb-7581-4da4-be00-83ed4e1a41e4,t2,battaramulla,accessibility,facility,,lp67708,0,7,1,0.771,0.2,0.862,0.829,0.762,0,35,35,9363,572,0,distance,,,18–24,Student,"Under LKR 50,000",Kotte / Nawala
7,17b175bb-7581-4da4-be00-83ed4e1a41e4,t2,battaramulla,accessibility,facility,,lp7c172,0,17,1,0.571,0.029,0.862,0.8,0.825,0,35,35,9363,572,0,distance,,,18–24,Student,"Under LKR 50,000",Kotte / Nawala
7,17b175bb-7581-4da4-be00-83ed4e1a41e4,t2,battaramulla,accessibility,facility,,lp33ddb,0,27,1,0.257,0.314,0.98,0.114,0.5,0,35,35,9363,572,0,distance,,,18–24,Student,"Under LKR 50,000",Kotte / Nawala
7,17b175bb-7581-4da4-be00-83ed4e1a41e4,t2,battaramulla,accessibility,facility,,lpa0a8a,0,19,1,0.457,0.743,0.984,0.171,0.312,0,35,35,9363,572,0,distance,,,18–24,Student,"Under LKR 50,000",Kotte / Nawala
7,17b175bb-7581-4da4-be00-83ed4e1a41e4,t2,battaramulla,accessibility,facility,,lp1bc0d,0,29,1,0.171,0.086,0.968,0.2,0.562,0,35,35,9363,572,0,distance,,,18–24,Student,"Under LKR 50,000",Kotte / Nawala
7,17b175bb-7581-4da4-be00-83ed4e1a41e4,t2,battaramulla,accessibility,facility,,lp71118,0,32,1,0.143,0.257,0.76,0.971,0.525,0,35,35,9363,572,0,distance,,,18–24,Student,"Under LKR 50,000",Kotte / Nawala
7,17b175bb-7581-4da4-be00-83ed4e1a41e4,t2,battaramulla,accessibility,facility,,lp96bf6,0,6,1,0.829,0.914,0.8,0.371,0.812,0,35,35,9363,572,0,distance,,,18–24,Student,"Under LKR 50,000",Kotte / Nawala
7,17b175bb-7581-4da4-be00-83ed4e1a41e4,t2,battaramulla,accessibility,facility,,lp43673,0,35,1,0,0,0.87,0.486,0.95,0,35,35,9363,572,0,distance,,,18–24,Student,"Under LKR 50,000",Kotte / Nawala
7,17b175bb-7581-4da4-be00-83ed4e1a41e4,t2,battaramulla,accessibility,facility,,lpc0df6,0,3,1,0.886,0.943,0.693,0.857,0.713,116,35,35,9363,572,0,distance,,,18–24,Student,"Under LKR 50,000",Kotte / Nawala
7,17b175bb-7581-4da4-be00-83ed4e1a41e4,t2,battaramulla,accessibility,facility,,lp6574b103,0,22,1,0.4,0.686,0.98,0.086,0.375,0,35,35,9363,572,0,distance,,,18–24,Student,"Under LKR 50,000",Kotte / Nawala
7,17b175bb-7581-4da4-be00-83ed4e1a41e4,t2,battaramulla,accessibility,facility,,lp81760,0,34,1,0.029,0.114,0.878,0.629,0.575,0,35,35,9363,572,0,distance,,,18–24,Student,"Under LKR 50,000",Kotte / Nawala
7,17b175bb-7581-4da4-be00-83ed4e1a41e4,t2,battaramulla,accessibility,facility,,lp6583218e,0,24,1,0.314,0.371,0.956,0.543,0.375,0,35,35,9363,572,0,distance,,,18–24,Student,"Under LKR 50,000",Kotte / Nawala
7,17b175bb-7581-4da4-be00-83ed4e1a41e4,t2,battaramulla,accessibility,facility,,lp67286,0,8,1,0.8,0.771,0.89,0.457,0.762,0,35,35,9363,572,0,distance,,,18–24,Student,"Under LKR 50,000",Kotte / Nawala
7,17b175bb-7581-4da4-be00-83ed4e1a41e4,t2,battaramulla,accessibility,facility,,lpc08f9,0,23,1,0.371,0.543,0.89,0.771,0.2,0,35,35,9363,572,0,distance,,,18–24,Student,"Under LKR 50,000",Kotte / Nawala
7,17b175bb-7581-4da4-be00-83ed4e1a41e4,t2,battaramulla,accessibility,facility,,lp73ace,0,10,1,0.714,0.4,0.866,0.714,0.825,0,35,35,9363,572,0,distance,,,18–24,Student,"Under LKR 50,000",Kotte / Nawala
7,17b175bb-7581-4da4-be00-83ed4e1a41e4,t2,battaramulla,accessibility,facility,,lp857b8,1,2,1,0.943,0.971,0.89,0.657,0.762,500,35,35,9363,572,0,distance,,,18–24,Student,"Under LKR 50,000",Kotte / Nawala
7,17b175bb-7581-4da4-be00-83ed4e1a41e4,t2,battaramulla,accessibility,facility,,lp72a36,0,1,1,0.971,0.829,0.878,0.686,0.887,6648,35,35,9363,572,0,distance,,,18–24,Student,"Under LKR 50,000",Kotte / Nawala
7,17b175bb-7581-4da4-be00-83ed4e1a41e4,t2,battaramulla,accessibility,facility,,lp800a1,0,13,1,0.6,0.629,0.894,0.229,0.2,0,35,35,9363,572,0,distance,,,18–24,Student,"Under LKR 50,000",Kotte / Nawala
7,17b175bb-7581-4da4-be00-83ed4e1a41e4,t2,battaramulla,accessibility,facility,,lp656d40c7,0,20,1,0.429,0.657,0.988,0.057,0.5,0,35,35,9363,572,0,distance,,,18–24,Student,"Under LKR 50,000",Kotte / Nawala
7,17b175bb-7581-4da4-be00-83ed4e1a41e4,t2,battaramulla,accessibility,facility,,lp3ca7d,0,25,1,0.286,0.429,0.71,0.571,0.325,0,35,35,9363,572,0,distance,,,18–24,Student,"Under LKR 50,000",Kotte / Nawala
7,17b175bb-7581-4da4-be00-83ed4e1a41e4,t2,battaramulla,accessibility,facility,,lp40d3f,0,11,1,0.686,0.143,0.85,0.886,0.762,0,35,35,9363,572,0,distance,,,18–24,Student,"Under LKR 50,000",Kotte / Nawala
7,17b175bb-7581-4da4-be00-83ed4e1a41e4,t2,battaramulla,accessibility,facility,,lp5f0e5,0,5,1,0.857,0.886,0.98,0,0.812,0,35,35,9363,572,0,distance,,,18–24,Student,"Under LKR 50,000",Kotte / Nawala
7,17b175bb-7581-4da4-be00-83ed4e1a41e4,t2,battaramulla,accessibility,facility,,lp6e625,0,4,1,0.914,0.857,0.78,0.914,0.838,0,35,35,9363,572,0,distance,,,18–24,Student,"Under LKR 50,000",Kotte / Nawala
7,17b175bb-7581-4da4-be00-83ed4e1a41e4,t2,battaramulla,accessibility,facility,,lp65589ffb,0,14,1,0.629,0.457,0.812,0.314,0.713,0,35,35,9363,572,0,distance,,,18–24,Student,"Under LKR 50,000",Kotte / Nawala
7,17b175bb-7581-4da4-be00-83ed4e1a41e4,t2,battaramulla,accessibility,facility,,lp6f007,0,9,1,0.743,0.6,0.525,0.943,0.662,0,35,35,9363,572,0,distance,,,18–24,Student,"Under LKR 50,000",Kotte / Nawala
8,17b175bb-7581-4da4-be00-83ed4e1a41e4,t3,fort,economic,accessibility,,lp102b02,0,24,1,0.314,0.343,0.984,0.429,0.688,0,35,35,9428,421,0,distance,,,18–24,Student,"Under LKR 50,000",Kotte / Nawala
8,17b175bb-7581-4da4-be00-83ed4e1a41e4,t3,fort,economic,accessibility,,lp6557c6e0,0,15,1,0.486,0.571,0.894,0.257,0.45,0,35,35,9428,421,0,distance,,,18–24,Student,"Under LKR 50,000",Kotte / Nawala
8,17b175bb-7581-4da4-be00-83ed4e1a41e4,t3,fort,economic,accessibility,,lp741c5,0,16,1,0.514,0.457,0.89,0.4,0.325,0,35,35,9428,421,0,distance,,,18–24,Student,"Under LKR 50,000",Kotte / Nawala
8,17b175bb-7581-4da4-be00-83ed4e1a41e4,t3,fort,economic,accessibility,,lp9855f,0,1,1,0.971,0.8,0.878,0.514,0.575,6183,35,35,9428,421,0,distance,,,18–24,Student,"Under LKR 50,000",Kotte / Nawala
8,17b175bb-7581-4da4-be00-83ed4e1a41e4,t3,fort,economic,accessibility,,lp655a9e91,0,3,1,0.914,0.857,0.882,0.743,0.575,182,35,35,9428,421,0,distance,,,18–24,Student,"Under LKR 50,000",Kotte / Nawala
8,17b175bb-7581-4da4-be00-83ed4e1a41e4,t3,fort,economic,accessibility,,lp656d3aa9,0,20,1,0.429,0.543,0.882,0.6,0.45,0,35,35,9428,421,0,distance,,,18–24,Student,"Under LKR 50,000",Kotte / Nawala
8,17b175bb-7581-4da4-be00-83ed4e1a41e4,t3,fort,economic,accessibility,,lp803e1,0,10,1,0.686,0.743,0.98,0.343,0.375,0,35,35,9428,421,0,distance,,,18–24,Student,"Under LKR 50,000",Kotte / Nawala
8,17b175bb-7581-4da4-be00-83ed4e1a41e4,t3,fort,economic,accessibility,,lpb1537,0,7,1,0.8,0.914,0.988,0.029,0.375,0,35,35,9428,421,0,distance,,,18–24,Student,"Under LKR 50,000",Kotte / Nawala
8,17b175bb-7581-4da4-be00-83ed4e1a41e4,t3,fort,economic,accessibility,,lp3e58e,0,4,1,0.857,0.943,0.968,0.286,0.625,0,35,35,9428,421,0,distance,,,18–24,Student,"Under LKR 50,000",Kotte / Nawala
8,17b175bb-7581-4da4-be00-83ed4e1a41e4,t3,fort,economic,accessibility,,lp30277,0,12,1,0.657,0.514,0.976,0.143,0.5,0,35,35,9428,421,0,distance,,,18–24,Student,"Under LKR 50,000",Kotte / Nawala
8,17b175bb-7581-4da4-be00-83ed4e1a41e4,t3,fort,economic,accessibility,,lp67708,0,32,1,0.057,0.114,0.862,0.829,0.762,0,35,35,9428,421,0,distance,,,18–24,Student,"Under LKR 50,000",Kotte / Nawala
8,17b175bb-7581-4da4-be00-83ed4e1a41e4,t3,fort,economic,accessibility,,lp7c172,0,34,1,0.029,0.057,0.862,0.8,0.825,0,35,35,9428,421,0,distance,,,18–24,Student,"Under LKR 50,000",Kotte / Nawala
8,17b175bb-7581-4da4-be00-83ed4e1a41e4,t3,fort,economic,accessibility,,lp33ddb,0,8,1,0.771,0.686,0.98,0.114,0.5,0,35,35,9428,421,0,distance,,,18–24,Student,"Under LKR 50,000",Kotte / Nawala
8,17b175bb-7581-4da4-be00-83ed4e1a41e4,t3,fort,economic,accessibility,,lpa0a8a,0,17,1,0.571,0.486,0.984,0.171,0.312,0,35,35,9428,421,0,distance,,,18–24,Student,"Under LKR 50,000",Kotte / Nawala
8,17b175bb-7581-4da4-be00-83ed4e1a41e4,t3,fort,economic,accessibility,,lp1bc0d,0,6,1,0.829,0.771,0.968,0.2,0.562,0,35,35,9428,421,0,distance,,,18–24,Student,"Under LKR 50,000",Kotte / Nawala
8,17b175bb-7581-4da4-be00-83ed4e1a41e4,t3,fort,economic,accessibility,,lp71118,0,5,1,0.886,0.886,0.76,0.971,0.525,0,35,35,9428,421,0,distance,,,18–24,Student,"Under LKR 50,000",Kotte / Nawala
8,17b175bb-7581-4da4-be00-83ed4e1a41e4,t3,fort,economic,accessibility,,lp96bf6,0,21,1,0.4,0.2,0.8,0.371,0.812,0,35,35,9428,421,0,distance,,,18–24,Student,"Under LKR 50,000",Kotte / Nawala
8,17b175bb-7581-4da4-be00-83ed4e1a41e4,t3,fort,economic,accessibility,,lp43673,0,35,1,0,0,0.87,0.486,0.95,0,35,35,9428,421,0,distance,,,18–24,Student,"Under LKR 50,000",Kotte / Nawala
8,17b175bb-7581-4da4-be00-83ed4e1a41e4,t3,fort,economic,accessibility,,lpc0df6,0,23,1,0.343,0.257,0.693,0.857,0.713,0,35,35,9428,421,0,distance,,,18–24,Student,"Under LKR 50,000",Kotte / Nawala
8,17b175bb-7581-4da4-be00-83ed4e1a41e4,t3,fort,economic,accessibility,,lp6574b103,0,18,1,0.543,0.629,0.98,0.086,0.375,0,35,35,9428,421,0,distance,,,18–24,Student,"Under LKR 50,000",Kotte / Nawala
8,17b175bb-7581-4da4-be00-83ed4e1a41e4,t3,fort,economic,accessibility,,lp81760,1,2,1,0.943,0.971,0.878,0.629,0.575,869,35,35,9428,421,0,distance,,,18–24,Student,"Under LKR 50,000",Kotte / Nawala
8,17b175bb-7581-4da4-be00-83ed4e1a41e4,t3,fort,economic,accessibility,,lp6583218e,0,11,1,0.714,0.714,0.956,0.543,0.375,0,35,35,9428,421,0,distance,,,18–24,Student,"Under LKR 50,000",Kotte / Nawala
8,17b175bb-7581-4da4-be00-83ed4e1a41e4,t3,fort,economic,accessibility,,lp67286,0,26,1,0.257,0.314,0.89,0.457,0.762,0,35,35,9428,421,0,distance,,,18–24,Student,"Under LKR 50,000",Kotte / Nawala
8,17b175bb-7581-4da4-be00-83ed4e1a41e4,t3,fort,economic,accessibility,,lpc08f9,0,13,1,0.6,0.657,0.89,0.771,0.2,0,35,35,9428,421,0,distance,,,18–24,Student,"Under LKR 50,000",Kotte / Nawala
8,17b175bb-7581-4da4-be00-83ed4e1a41e4,t3,fort,economic,accessibility,,lp73ace,0,29,1,0.171,0.229,0.866,0.714,0.825,0,35,35,9428,421,0,distance,,,18–24,Student,"Under LKR 50,000",Kotte / Nawala
8,17b175bb-7581-4da4-be00-83ed4e1a41e4,t3,fort,economic,accessibility,,lp857b8,0,25,1,0.286,0.171,0.89,0.657,0.762,0,35,35,9428,421,0,distance,,,18–24,Student,"Under LKR 50,000",Kotte / Nawala
8,17b175bb-7581-4da4-be00-83ed4e1a41e4,t3,fort,economic,accessibility,,lp72a36,0,33,1,0.086,0.029,0.878,0.686,0.887,0,35,35,9428,421,0,distance,,,18–24,Student,"Under LKR 50,000",Kotte / Nawala
8,17b175bb-7581-4da4-be00-83ed4e1a41e4,t3,fort,economic,accessibility,,lp800a1,0,14,1,0.629,0.429,0.894,0.229,0.2,0,35,35,9428,421,0,distance,,,18–24,Student,"Under LKR 50,000",Kotte / Nawala
8,17b175bb-7581-4da4-be00-83ed4e1a41e4,t3,fort,economic,accessibility,,lp656d40c7,0,19,1,0.457,0.6,0.988,0.057,0.5,0,35,35,9428,421,0,distance,,,18–24,Student,"Under LKR 50,000",Kotte / Nawala
8,17b175bb-7581-4da4-be00-83ed4e1a41e4,t3,fort,economic,accessibility,,lp3ca7d,0,9,1,0.743,0.829,0.71,0.571,0.325,0,35,35,9428,421,0,distance,,,18–24,Student,"Under LKR 50,000",Kotte / Nawala
8,17b175bb-7581-4da4-be00-83ed4e1a41e4,t3,fort,economic,accessibility,,lp40d3f,0,31,1,0.114,0.143,0.85,0.886,0.762,0,35,35,9428,421,0,distance,,,18–24,Student,"Under LKR 50,000",Kotte / Nawala
8,17b175bb-7581-4da4-be00-83ed4e1a41e4,t3,fort,economic,accessibility,,lp5f0e5,0,22,1,0.371,0.286,0.98,0,0.812,0,35,35,9428,421,0,distance,,,18–24,Student,"Under LKR 50,000",Kotte / Nawala
8,17b175bb-7581-4da4-be00-83ed4e1a41e4,t3,fort,economic,accessibility,,lp6e625,0,30,1,0.143,0.086,0.78,0.914,0.838,0,35,35,9428,421,0,distance,,,18–24,Student,"Under LKR 50,000",Kotte / Nawala
8,17b175bb-7581-4da4-be00-83ed4e1a41e4,t3,fort,economic,accessibility,,lp65589ffb,0,28,1,0.2,0.371,0.812,0.314,0.713,0,35,35,9428,421,0,distance,,,18–24,Student,"Under LKR 50,000",Kotte / Nawala
8,17b175bb-7581-4da4-be00-83ed4e1a41e4,t3,fort,economic,accessibility,,lp6f007,0,27,1,0.229,0.4,0.525,0.943,0.662,0,35,35,9428,421,0,distance,,,18–24,Student,"Under LKR 50,000",Kotte / Nawala
9,17b175bb-7581-4da4-be00-83ed4e1a41e4,t4,bambalapitiya,facility,spatial,,lp102b02,0,5,1,0.829,0.886,0.984,0.429,0.688,0,35,35,16343,701,0,distance,,,18–24,Student,"Under LKR 50,000",Kotte / Nawala
9,17b175bb-7581-4da4-be00-83ed4e1a41e4,t4,bambalapitiya,facility,spatial,,lp6557c6e0,0,12,1,0.629,0.657,0.894,0.257,0.45,0,35,35,16343,701,0,distance,,,18–24,Student,"Under LKR 50,000",Kotte / Nawala
9,17b175bb-7581-4da4-be00-83ed4e1a41e4,t4,bambalapitiya,facility,spatial,,lp741c5,0,14,1,0.6,0.6,0.89,0.4,0.325,0,35,35,16343,701,0,distance,,,18–24,Student,"Under LKR 50,000",Kotte / Nawala
9,17b175bb-7581-4da4-be00-83ed4e1a41e4,t4,bambalapitiya,facility,spatial,,lp9855f,0,31,1,0.029,0.057,0.878,0.514,0.575,0,35,35,16343,701,0,distance,,,18–24,Student,"Under LKR 50,000",Kotte / Nawala
9,17b175bb-7581-4da4-be00-83ed4e1a41e4,t4,bambalapitiya,facility,spatial,,lp655a9e91,0,32,1,0.057,0.086,0.882,0.743,0.575,0,35,35,16343,701,0,distance,,,18–24,Student,"Under LKR 50,000",Kotte / Nawala
9,17b175bb-7581-4da4-be00-83ed4e1a41e4,t4,bambalapitiya,facility,spatial,,lp656d3aa9,0,10,1,0.714,0.771,0.882,0.6,0.45,0,35,35,16343,701,0,distance,,,18–24,Student,"Under LKR 50,000",Kotte / Nawala
9,17b175bb-7581-4da4-be00-83ed4e1a41e4,t4,bambalapitiya,facility,spatial,,lp803e1,0,24,1,0.314,0.343,0.98,0.343,0.375,0,35,35,16343,701,0,distance,,,18–24,Student,"Under LKR 50,000",Kotte / Nawala
9,17b175bb-7581-4da4-be00-83ed4e1a41e4,t4,bambalapitiya,facility,spatial,,lpb1537,0,28,1,0.2,0.2,0.988,0.029,0.375,0,35,35,16343,701,0,distance,,,18–24,Student,"Under LKR 50,000",Kotte / Nawala
9,17b175bb-7581-4da4-be00-83ed4e1a41e4,t4,bambalapitiya,facility,spatial,,lp3e58e,0,30,1,0.143,0.143,0.968,0.286,0.625,0,35,35,16343,701,0,distance,,,18–24,Student,"Under LKR 50,000",Kotte / Nawala
9,17b175bb-7581-4da4-be00-83ed4e1a41e4,t4,bambalapitiya,facility,spatial,,lp30277,0,23,1,0.343,0.229,0.976,0.143,0.5,0,35,35,16343,701,0,distance,,,18–24,Student,"Under LKR 50,000",Kotte / Nawala
9,17b175bb-7581-4da4-be00-83ed4e1a41e4,t4,bambalapitiya,facility,spatial,,lp67708,0,7,1,0.771,0.914,0.862,0.829,0.762,0,35,35,16343,701,0,distance,,,18–24,Student,"Under LKR 50,000",Kotte / Nawala
9,17b175bb-7581-4da4-be00-83ed4e1a41e4,t4,bambalapitiya,facility,spatial,,lp7c172,0,9,1,0.743,0.714,0.862,0.8,0.825,0,35,35,16343,701,0,distance,,,18–24,Student,"Under LKR 50,000",Kotte / Nawala
9,17b175bb-7581-4da4-be00-83ed4e1a41e4,t4,bambalapitiya,facility,spatial,,lp33ddb,0,27,1,0.229,0.257,0.98,0.114,0.5,0,35,35,16343,701,0,distance,,,18–24,Student,"Under LKR 50,000",Kotte / Nawala
9,17b175bb-7581-4da4-be00-83ed4e1a41e4,t4,bambalapitiya,facility,spatial,,lpa0a8a,0,15,1,0.543,0.629,0.984,0.171,0.312,0,35,35,16343,701,0,distance,,,18–24,Student,"Under LKR 50,000",Kotte / Nawala
9,17b175bb-7581-4da4-be00-83ed4e1a41e4,t4,bambalapitiya,facility,spatial,,lp1bc0d,0,29,1,0.171,0.029,0.968,0.2,0.562,0,35,35,16343,701,0,distance,,,18–24,Student,"Under LKR 50,000",Kotte / Nawala
9,17b175bb-7581-4da4-be00-83ed4e1a41e4,t4,bambalapitiya,facility,spatial,,lp71118,0,33,1,0.114,0.114,0.76,0.971,0.525,646,35,35,16343,701,0,distance,,,18–24,Student,"Under LKR 50,000",Kotte / Nawala
9,17b175bb-7581-4da4-be00-83ed4e1a41e4,t4,bambalapitiya,facility,spatial,,lp96bf6,0,21,1,0.371,0.286,0.8,0.371,0.812,0,35,35,16343,701,0,distance,,,18–24,Student,"Under LKR 50,000",Kotte / Nawala
9,17b175bb-7581-4da4-be00-83ed4e1a41e4,t4,bambalapitiya,facility,spatial,,lp43673,0,35,1,0,0,0.87,0.486,0.95,0,35,35,16343,701,0,distance,,,18–24,Student,"Under LKR 50,000",Kotte / Nawala
9,17b175bb-7581-4da4-be00-83ed4e1a41e4,t4,bambalapitiya,facility,spatial,,lpc0df6,0,19,1,0.429,0.429,0.693,0.857,0.713,0,35,35,16343,701,0,distance,,,18–24,Student,"Under LKR 50,000",Kotte / Nawala
9,17b175bb-7581-4da4-be00-83ed4e1a41e4,t4,bambalapitiya,facility,spatial,,lp6574b103,0,16,1,0.571,0.571,0.98,0.086,0.375,0,35,35,16343,701,0,distance,,,18–24,Student,"Under LKR 50,000",Kotte / Nawala
9,17b175bb-7581-4da4-be00-83ed4e1a41e4,t4,bambalapitiya,facility,spatial,,lp81760,0,34,1,0.086,0.171,0.878,0.629,0.575,0,35,35,16343,701,0,distance,,,18–24,Student,"Under LKR 50,000",Kotte / Nawala
9,17b175bb-7581-4da4-be00-83ed4e1a41e4,t4,bambalapitiya,facility,spatial,,lp6583218e,0,25,1,0.286,0.314,0.956,0.543,0.375,0,35,35,16343,701,0,distance,,,18–24,Student,"Under LKR 50,000",Kotte / Nawala
9,17b175bb-7581-4da4-be00-83ed4e1a41e4,t4,bambalapitiya,facility,spatial,,lp67286,0,3,1,0.886,0.8,0.89,0.457,0.762,566,35,35,16343,701,0,distance,,,18–24,Student,"Under LKR 50,000",Kotte / Nawala
9,17b175bb-7581-4da4-be00-83ed4e1a41e4,t4,bambalapitiya,facility,spatial,,lpc08f9,0,17,1,0.514,0.543,0.89,0.771,0.2,0,35,35,16343,701,0,distance,,,18–24,Student,"Under LKR 50,000",Kotte / Nawala
9,17b175bb-7581-4da4-be00-83ed4e1a41e4,t4,bambalapitiya,facility,spatial,,lp73ace,1,1,1,0.971,0.971,0.866,0.714,0.825,848,35,35,16343,701,0,distance,,,18–24,Student,"Under LKR 50,000",Kotte / Nawala
9,17b175bb-7581-4da4-be00-83ed4e1a41e4,t4,bambalapitiya,facility,spatial,,lp857b8,0,22,1,0.4,0.371,0.89,0.657,0.762,0,35,35,16343,701,0,distance,,,18–24,Student,"Under LKR 50,000",Kotte / Nawala
9,17b175bb-7581-4da4-be00-83ed4e1a41e4,t4,bambalapitiya,facility,spatial,,lp72a36,0,11,1,0.686,0.514,0.878,0.686,0.887,0,35,35,16343,701,0,distance,,,18–24,Student,"Under LKR 50,000",Kotte / Nawala
9,17b175bb-7581-4da4-be00-83ed4e1a41e4,t4,bambalapitiya,facility,spatial,,lp800a1,0,18,1,0.486,0.486,0.894,0.229,0.2,0,35,35,16343,701,0,distance,,,18–24,Student,"Under LKR 50,000",Kotte / Nawala
9,17b175bb-7581-4da4-be00-83ed4e1a41e4,t4,bambalapitiya,facility,spatial,,lp656d40c7,0,13,1,0.657,0.686,0.988,0.057,0.5,0,35,35,16343,701,0,distance,,,18–24,Student,"Under LKR 50,000",Kotte / Nawala
9,17b175bb-7581-4da4-be00-83ed4e1a41e4,t4,bambalapitiya,facility,spatial,,lp3ca7d,0,26,1,0.257,0.4,0.71,0.571,0.325,0,35,35,16343,701,0,distance,,,18–24,Student,"Under LKR 50,000",Kotte / Nawala
9,17b175bb-7581-4da4-be00-83ed4e1a41e4,t4,bambalapitiya,facility,spatial,,lp40d3f,0,6,1,0.857,0.857,0.85,0.886,0.762,0,35,35,16343,701,0,distance,,,18–24,Student,"Under LKR 50,000",Kotte / Nawala
9,17b175bb-7581-4da4-be00-83ed4e1a41e4,t4,bambalapitiya,facility,spatial,,lp5f0e5,0,20,1,0.457,0.457,0.98,0,0.812,0,35,35,16343,701,0,distance,,,18–24,Student,"Under LKR 50,000",Kotte / Nawala
9,17b175bb-7581-4da4-be00-83ed4e1a41e4,t4,bambalapitiya,facility,spatial,,lp6e625,0,8,1,0.8,0.743,0.78,0.914,0.838,0,35,35,16343,701,0,distance,,,18–24,Student,"Under LKR 50,000",Kotte / Nawala
9,17b175bb-7581-4da4-be00-83ed4e1a41e4,t4,bambalapitiya,facility,spatial,,lp65589ffb,0,2,1,0.943,0.943,0.812,0.314,0.713,199,35,35,16343,701,0,distance,,,18–24,Student,"Under LKR 50,000",Kotte / Nawala
9,17b175bb-7581-4da4-be00-83ed4e1a41e4,t4,bambalapitiya,facility,spatial,,lp6f007,0,4,1,0.914,0.829,0.525,0.943,0.662,0,35,35,16343,701,0,distance,,,18–24,Student,"Under LKR 50,000",Kotte / Nawala
10,17b175bb-7581-4da4-be00-83ed4e1a41e4,t5,nugegoda,disruption,economic,,lp102b02,0,13,1,0.6,0.6,0.984,0.429,0.688,0,35,35,8540,439,0,distance,,,18–24,Student,"Under LKR 50,000",Kotte / Nawala
10,17b175bb-7581-4da4-be00-83ed4e1a41e4,t5,nugegoda,disruption,economic,,lp6557c6e0,0,20,1,0.429,0.429,0.894,0.257,0.45,0,35,35,8540,439,0,distance,,,18–24,Student,"Under LKR 50,000",Kotte / Nawala
10,17b175bb-7581-4da4-be00-83ed4e1a41e4,t5,nugegoda,disruption,economic,,lp741c5,0,16,1,0.543,0.514,0.89,0.4,0.325,0,35,35,8540,439,0,distance,,,18–24,Student,"Under LKR 50,000",Kotte / Nawala
10,17b175bb-7581-4da4-be00-83ed4e1a41e4,t5,nugegoda,disruption,economic,,lp9855f,0,30,1,0.086,0.086,0.878,0.514,0.575,0,35,35,8540,439,0,distance,,,18–24,Student,"Under LKR 50,000",Kotte / Nawala
10,17b175bb-7581-4da4-be00-83ed4e1a41e4,t5,nugegoda,disruption,economic,,lp655a9e91,0,31,1,0.114,0.143,0.882,0.743,0.575,0,35,35,8540,439,0,distance,,,18–24,Student,"Under LKR 50,000",Kotte / Nawala
10,17b175bb-7581-4da4-be00-83ed4e1a41e4,t5,nugegoda,disruption,economic,,lp656d3aa9,0,15,1,0.571,0.571,0.882,0.6,0.45,0,35,35,8540,439,0,distance,,,18–24,Student,"Under LKR 50,000",Kotte / Nawala
10,17b175bb-7581-4da4-be00-83ed4e1a41e4,t5,nugegoda,disruption,economic,,lp803e1,0,26,1,0.257,0.286,0.98,0.343,0.375,0,35,35,8540,439,0,distance,,,18–24,Student,"Under LKR 50,000",Kotte / Nawala
10,17b175bb-7581-4da4-be00-83ed4e1a41e4,t5,nugegoda,disruption,economic,,lpb1537,0,28,1,0.2,0.2,0.988,0.029,0.375,0,35,35,8540,439,0,distance,,,18–24,Student,"Under LKR 50,000",Kotte / Nawala
10,17b175bb-7581-4da4-be00-83ed4e1a41e4,t5,nugegoda,disruption,economic,,lp3e58e,0,33,1,0.057,0.057,0.968,0.286,0.625,0,35,35,8540,439,0,distance,,,18–24,Student,"Under LKR 50,000",Kotte / Nawala
10,17b175bb-7581-4da4-be00-83ed4e1a41e4,t5,nugegoda,disruption,economic,,lp30277,0,23,1,0.343,0.343,0.976,0.143,0.5,0,35,35,8540,439,0,distance,,,18–24,Student,"Under LKR 50,000",Kotte / Nawala
10,17b175bb-7581-4da4-be00-83ed4e1a41e4,t5,nugegoda,disruption,economic,,lp67708,0,3,1,0.914,0.914,0.862,0.829,0.762,116,35,35,8540,439,0,distance,,,18–24,Student,"Under LKR 50,000",Kotte / Nawala
10,17b175bb-7581-4da4-be00-83ed4e1a41e4,t5,nugegoda,disruption,economic,,lp7c172,0,4,1,0.886,0.857,0.862,0.8,0.825,0,35,35,8540,439,0,distance,,,18–24,Student,"Under LKR 50,000",Kotte / Nawala
10,17b175bb-7581-4da4-be00-83ed4e1a41e4,t5,nugegoda,disruption,economic,,lp33ddb,0,27,1,0.229,0.229,0.98,0.114,0.5,0,35,35,8540,439,0,distance,,,18–24,Student,"Under LKR 50,000",Kotte / Nawala
10,17b175bb-7581-4da4-be00-83ed4e1a41e4,t5,nugegoda,disruption,economic,,lpa0a8a,0,18,1,0.457,0.543,0.984,0.171,0.312,0,35,35,8540,439,0,distance,,,18–24,Student,"Under LKR 50,000",Kotte / Nawala
10,17b175bb-7581-4da4-be00-83ed4e1a41e4,t5,nugegoda,disruption,economic,,lp1bc0d,0,29,1,0.171,0.029,0.968,0.2,0.562,0,35,35,8540,439,0,distance,,,18–24,Student,"Under LKR 50,000",Kotte / Nawala
10,17b175bb-7581-4da4-be00-83ed4e1a41e4,t5,nugegoda,disruption,economic,,lp71118,0,32,1,0.143,0.171,0.76,0.971,0.525,0,35,35,8540,439,0,distance,,,18–24,Student,"Under LKR 50,000",Kotte / Nawala
10,17b175bb-7581-4da4-be00-83ed4e1a41e4,t5,nugegoda,disruption,economic,,lp96bf6,0,14,1,0.629,0.714,0.8,0.371,0.812,0,35,35,8540,439,0,distance,,,18–24,Student,"Under LKR 50,000",Kotte / Nawala
10,17b175bb-7581-4da4-be00-83ed4e1a41e4,t5,nugegoda,disruption,economic,,lp43673,0,35,1,0,0,0.87,0.486,0.95,0,35,35,8540,439,0,distance,,,18–24,Student,"Under LKR 50,000",Kotte / Nawala
10,17b175bb-7581-4da4-be00-83ed4e1a41e4,t5,nugegoda,disruption,economic,,lpc0df6,0,11,1,0.686,0.743,0.693,0.857,0.713,0,35,35,8540,439,0,distance,,,18–24,Student,"Under LKR 50,000",Kotte / Nawala
10,17b175bb-7581-4da4-be00-83ed4e1a41e4,t5,nugegoda,disruption,economic,,lp6574b103,0,21,1,0.4,0.486,0.98,0.086,0.375,0,35,35,8540,439,0,distance,,,18–24,Student,"Under LKR 50,000",Kotte / Nawala
10,17b175bb-7581-4da4-be00-83ed4e1a41e4,t5,nugegoda,disruption,economic,,lp81760,0,34,1,0.029,0.114,0.878,0.629,0.575,0,35,35,8540,439,0,distance,,,18–24,Student,"Under LKR 50,000",Kotte / Nawala
10,17b175bb-7581-4da4-be00-83ed4e1a41e4,t5,nugegoda,disruption,economic,,lp6583218e,0,24,1,0.314,0.257,0.956,0.543,0.375,0,35,35,8540,439,0,distance,,,18–24,Student,"Under LKR 50,000",Kotte / Nawala
10,17b175bb-7581-4da4-be00-83ed4e1a41e4,t5,nugegoda,disruption,economic,,lp67286,0,7,1,0.8,0.771,0.89,0.457,0.762,0,35,35,8540,439,0,distance,,,18–24,Student,"Under LKR 50,000",Kotte / Nawala
10,17b175bb-7581-4da4-be00-83ed4e1a41e4,t5,nugegoda,disruption,economic,,lpc08f9,0,22,1,0.371,0.4,0.89,0.771,0.2,0,35,35,8540,439,0,distance,,,18–24,Student,"Under LKR 50,000",Kotte / Nawala
10,17b175bb-7581-4da4-be00-83ed4e1a41e4,t5,nugegoda,disruption,economic,,lp73ace,0,6,1,0.829,0.8,0.866,0.714,0.825,0,35,35,8540,439,0,distance,,,18–24,Student,"Under LKR 50,000",Kotte / Nawala
10,17b175bb-7581-4da4-be00-83ed4e1a41e4,t5,nugegoda,disruption,economic,,lp857b8,0,8,1,0.771,0.829,0.89,0.657,0.762,0,35,35,8540,439,0,distance,,,18–24,Student,"Under LKR 50,000",Kotte / Nawala
10,17b175bb-7581-4da4-be00-83ed4e1a41e4,t5,nugegoda,disruption,economic,,lp72a36,0,1,1,0.971,0.971,0.878,0.686,0.887,5850,35,35,8540,439,0,distance,,,18–24,Student,"Under LKR 50,000",Kotte / Nawala
10,17b175bb-7581-4da4-be00-83ed4e1a41e4,t5,nugegoda,disruption,economic,,lp800a1,0,19,1,0.486,0.371,0.894,0.229,0.2,0,35,35,8540,439,0,distance,,,18–24,Student,"Under LKR 50,000",Kotte / Nawala
10,17b175bb-7581-4da4-be00-83ed4e1a41e4,t5,nugegoda,disruption,economic,,lp656d40c7,0,17,1,0.514,0.457,0.988,0.057,0.5,0,35,35,8540,439,0,distance,,,18–24,Student,"Under LKR 50,000",Kotte / Nawala
10,17b175bb-7581-4da4-be00-83ed4e1a41e4,t5,nugegoda,disruption,economic,,lp3ca7d,0,25,1,0.286,0.314,0.71,0.571,0.325,0,35,35,8540,439,0,distance,,,18–24,Student,"Under LKR 50,000",Kotte / Nawala
10,17b175bb-7581-4da4-be00-83ed4e1a41e4,t5,nugegoda,disruption,economic,,lp40d3f,0,5,1,0.857,0.886,0.85,0.886,0.762,0,35,35,8540,439,0,distance,,,18–24,Student,"Under LKR 50,000",Kotte / Nawala
10,17b175bb-7581-4da4-be00-83ed4e1a41e4,t5,nugegoda,disruption,economic,,lp5f0e5,0,12,1,0.657,0.686,0.98,0,0.812,0,35,35,8540,439,0,distance,,,18–24,Student,"Under LKR 50,000",Kotte / Nawala
10,17b175bb-7581-4da4-be00-83ed4e1a41e4,t5,nugegoda,disruption,economic,,lp6e625,1,2,1,0.943,0.943,0.78,0.914,0.838,460,35,35,8540,439,0,distance,,,18–24,Student,"Under LKR 50,000",Kotte / Nawala
10,17b175bb-7581-4da4-be00-83ed4e1a41e4,t5,nugegoda,disruption,economic,,lp65589ffb,0,9,1,0.714,0.629,0.812,0.314,0.713,0,35,35,8540,439,0,distance,,,18–24,Student,"Under LKR 50,000",Kotte / Nawala
10,17b175bb-7581-4da4-be00-83ed4e1a41e4,t5,nugegoda,disruption,economic,,lp6f007,0,10,1,0.743,0.657,0.525,0.943,0.662,0,35,35,8540,439,0,distance,,,18–24,Student,"Under LKR 50,000",Kotte / Nawala
11,17b175bb-7581-4da4-be00-83ed4e1a41e4,t6,mount_lavinia,spatial,disruption,,lp102b02,0,10,1,0.714,0.8,0.984,0.429,0.688,0,35,35,4292,766,0,distance,,,18–24,Student,"Under LKR 50,000",Kotte / Nawala
11,17b175bb-7581-4da4-be00-83ed4e1a41e4,t6,mount_lavinia,spatial,disruption,,lp6557c6e0,0,13,1,0.629,0.543,0.894,0.257,0.45,0,35,35,4292,766,0,distance,,,18–24,Student,"Under LKR 50,000",Kotte / Nawala
11,17b175bb-7581-4da4-be00-83ed4e1a41e4,t6,mount_lavinia,spatial,disruption,,lp741c5,0,14,1,0.571,0.629,0.89,0.4,0.325,0,35,35,4292,766,0,distance,,,18–24,Student,"Under LKR 50,000",Kotte / Nawala
11,17b175bb-7581-4da4-be00-83ed4e1a41e4,t6,mount_lavinia,spatial,disruption,,lp9855f,0,31,1,0.057,0.057,0.878,0.514,0.575,0,35,35,4292,766,0,distance,,,18–24,Student,"Under LKR 50,000",Kotte / Nawala
11,17b175bb-7581-4da4-be00-83ed4e1a41e4,t6,mount_lavinia,spatial,disruption,,lp655a9e91,0,32,1,0.029,0.086,0.882,0.743,0.575,0,35,35,4292,766,0,distance,,,18–24,Student,"Under LKR 50,000",Kotte / Nawala
11,17b175bb-7581-4da4-be00-83ed4e1a41e4,t6,mount_lavinia,spatial,disruption,,lp656d3aa9,0,11,1,0.686,0.686,0.882,0.6,0.45,0,35,35,4292,766,0,distance,,,18–24,Student,"Under LKR 50,000",Kotte / Nawala
11,17b175bb-7581-4da4-be00-83ed4e1a41e4,t6,mount_lavinia,spatial,disruption,,lp803e1,0,24,1,0.314,0.343,0.98,0.343,0.375,0,35,35,4292,766,0,distance,,,18–24,Student,"Under LKR 50,000",Kotte / Nawala
11,17b175bb-7581-4da4-be00-83ed4e1a41e4,t6,mount_lavinia,spatial,disruption,,lpb1537,0,28,1,0.2,0.2,0.988,0.029,0.375,0,35,35,4292,766,0,distance,,,18–24,Student,"Under LKR 50,000",Kotte / Nawala
11,17b175bb-7581-4da4-be00-83ed4e1a41e4,t6,mount_lavinia,spatial,disruption,,lp3e58e,0,29,1,0.143,0.143,0.968,0.286,0.625,0,35,35,4292,766,0,distance,,,18–24,Student,"Under LKR 50,000",Kotte / Nawala
11,17b175bb-7581-4da4-be00-83ed4e1a41e4,t6,mount_lavinia,spatial,disruption,,lp30277,0,23,1,0.343,0.229,0.976,0.143,0.5,0,35,35,4292,766,0,distance,,,18–24,Student,"Under LKR 50,000",Kotte / Nawala
11,17b175bb-7581-4da4-be00-83ed4e1a41e4,t6,mount_lavinia,spatial,disruption,,lp67708,0,2,1,0.943,0.914,0.862,0.829,0.762,318,35,35,4292,766,0,distance,,,18–24,Student,"Under LKR 50,000",Kotte / Nawala
11,17b175bb-7581-4da4-be00-83ed4e1a41e4,t6,mount_lavinia,spatial,disruption,,lp7c172,1,1,1,0.971,0.971,0.862,0.8,0.825,318,35,35,4292,766,0,distance,,,18–24,Student,"Under LKR 50,000",Kotte / Nawala
11,17b175bb-7581-4da4-be00-83ed4e1a41e4,t6,mount_lavinia,spatial,disruption,,lp33ddb,0,27,1,0.229,0.257,0.98,0.114,0.5,0,35,35,4292,766,0,distance,,,18–24,Student,"Under LKR 50,000",Kotte / Nawala
11,17b175bb-7581-4da4-be00-83ed4e1a41e4,t6,mount_lavinia,spatial,disruption,,lpa0a8a,0,15,1,0.543,0.657,0.984,0.171,0.312,0,35,35,4292,766,0,distance,,,18–24,Student,"Under LKR 50,000",Kotte / Nawala
11,17b175bb-7581-4da4-be00-83ed4e1a41e4,t6,mount_lavinia,spatial,disruption,,lp1bc0d,0,30,1,0.171,0.029,0.968,0.2,0.562,0,35,35,4292,766,0,distance,,,18–24,Student,"Under LKR 50,000",Kotte / Nawala
11,17b175bb-7581-4da4-be00-83ed4e1a41e4,t6,mount_lavinia,spatial,disruption,,lp71118,0,33,1,0.086,0.114,0.76,0.971,0.525,0,35,35,4292,766,0,distance,,,18–24,Student,"Under LKR 50,000",Kotte / Nawala
11,17b175bb-7581-4da4-be00-83ed4e1a41e4,t6,mount_lavinia,spatial,disruption,,lp96bf6,0,21,1,0.371,0.286,0.8,0.371,0.812,0,35,35,4292,766,0,distance,,,18–24,Student,"Under LKR 50,000",Kotte / Nawala
11,17b175bb-7581-4da4-be00-83ed4e1a41e4,t6,mount_lavinia,spatial,disruption,,lp43673,0,35,1,0,0,0.87,0.486,0.95,0,35,35,4292,766,0,distance,,,18–24,Student,"Under LKR 50,000",Kotte / Nawala
11,17b175bb-7581-4da4-be00-83ed4e1a41e4,t6,mount_lavinia,spatial,disruption,,lpc0df6,0,17,1,0.457,0.429,0.693,0.857,0.713,0,35,35,4292,766,0,distance,,,18–24,Student,"Under LKR 50,000",Kotte / Nawala
11,17b175bb-7581-4da4-be00-83ed4e1a41e4,t6,mount_lavinia,spatial,disruption,,lp6574b103,0,16,1,0.6,0.571,0.98,0.086,0.375,0,35,35,4292,766,0,distance,,,18–24,Student,"Under LKR 50,000",Kotte / Nawala
11,17b175bb-7581-4da4-be00-83ed4e1a41e4,t6,mount_lavinia,spatial,disruption,,lp81760,0,34,1,0.114,0.171,0.878,0.629,0.575,0,35,35,4292,766,0,distance,,,18–24,Student,"Under LKR 50,000",Kotte / Nawala
11,17b175bb-7581-4da4-be00-83ed4e1a41e4,t6,mount_lavinia,spatial,disruption,,lp6583218e,0,25,1,0.286,0.314,0.956,0.543,0.375,0,35,35,4292,766,0,distance,,,18–24,Student,"Under LKR 50,000",Kotte / Nawala
11,17b175bb-7581-4da4-be00-83ed4e1a41e4,t6,mount_lavinia,spatial,disruption,,lp67286,0,9,1,0.743,0.771,0.89,0.457,0.762,0,35,35,4292,766,0,distance,,,18–24,Student,"Under LKR 50,000",Kotte / Nawala
11,17b175bb-7581-4da4-be00-83ed4e1a41e4,t6,mount_lavinia,spatial,disruption,,lpc08f9,0,18,1,0.514,0.514,0.89,0.771,0.2,0,35,35,4292,766,0,distance,,,18–24,Student,"Under LKR 50,000",Kotte / Nawala
11,17b175bb-7581-4da4-be00-83ed4e1a41e4,t6,mount_lavinia,spatial,disruption,,lp73ace,0,5,1,0.857,0.886,0.866,0.714,0.825,0,35,35,4292,766,0,distance,,,18–24,Student,"Under LKR 50,000",Kotte / Nawala
11,17b175bb-7581-4da4-be00-83ed4e1a41e4,t6,mount_lavinia,spatial,disruption,,lp857b8,0,19,1,0.486,0.371,0.89,0.657,0.762,0,35,35,4292,766,0,distance,,,18–24,Student,"Under LKR 50,000",Kotte / Nawala
11,17b175bb-7581-4da4-be00-83ed4e1a41e4,t6,mount_lavinia,spatial,disruption,,lp72a36,0,4,1,0.886,0.857,0.878,0.686,0.887,0,35,35,4292,766,0,distance,,,18–24,Student,"Under LKR 50,000",Kotte / Nawala
11,17b175bb-7581-4da4-be00-83ed4e1a41e4,t6,mount_lavinia,spatial,disruption,,lp800a1,0,22,1,0.4,0.486,0.894,0.229,0.2,0,35,35,4292,766,0,distance,,,18–24,Student,"Under LKR 50,000",Kotte / Nawala
11,17b175bb-7581-4da4-be00-83ed4e1a41e4,t6,mount_lavinia,spatial,disruption,,lp656d40c7,0,12,1,0.657,0.6,0.988,0.057,0.5,0,35,35,4292,766,0,distance,,,18–24,Student,"Under LKR 50,000",Kotte / Nawala
11,17b175bb-7581-4da4-be00-83ed4e1a41e4,t6,mount_lavinia,spatial,disruption,,lp3ca7d,0,26,1,0.257,0.4,0.71,0.571,0.325,0,35,35,4292,766,0,distance,,,18–24,Student,"Under LKR 50,000",Kotte / Nawala
11,17b175bb-7581-4da4-be00-83ed4e1a41e4,t6,mount_lavinia,spatial,disruption,,lp40d3f,0,3,1,0.914,0.943,0.85,0.886,0.762,449,35,35,4292,766,0,distance,,,18–24,Student,"Under LKR 50,000",Kotte / Nawala
11,17b175bb-7581-4da4-be00-83ed4e1a41e4,t6,mount_lavinia,spatial,disruption,,lp5f0e5,0,20,1,0.429,0.457,0.98,0,0.812,0,35,35,4292,766,0,distance,,,18–24,Student,"Under LKR 50,000",Kotte / Nawala
11,17b175bb-7581-4da4-be00-83ed4e1a41e4,t6,mount_lavinia,spatial,disruption,,lp6e625,0,6,1,0.829,0.743,0.78,0.914,0.838,0,35,35,4292,766,0,distance,,,18–24,Student,"Under LKR 50,000",Kotte / Nawala
11,17b175bb-7581-4da4-be00-83ed4e1a41e4,t6,mount_lavinia,spatial,disruption,,lp65589ffb,0,7,1,0.8,0.829,0.812,0.314,0.713,0,35,35,4292,766,0,distance,,,18–24,Student,"Under LKR 50,000",Kotte / Nawala
11,17b175bb-7581-4da4-be00-83ed4e1a41e4,t6,mount_lavinia,spatial,disruption,,lp6f007,0,8,1,0.771,0.714,0.525,0.943,0.662,0,35,35,4292,766,0,distance,,,18–24,Student,"Under LKR 50,000",Kotte / Nawala
12,17b175bb-7581-4da4-be00-83ed4e1a41e4,t7,rajagiriya,economic,accessibility,,lp102b02,0,14,1,0.6,0.486,0.984,0.429,0.688,0,35,35,2645,133,0,distance,,,18–24,Student,"Under LKR 50,000",Kotte / Nawala
12,17b175bb-7581-4da4-be00-83ed4e1a41e4,t7,rajagiriya,economic,accessibility,,lp6557c6e0,0,17,1,0.457,0.571,0.894,0.257,0.45,0,35,35,2645,133,0,distance,,,18–24,Student,"Under LKR 50,000",Kotte / Nawala
12,17b175bb-7581-4da4-be00-83ed4e1a41e4,t7,rajagiriya,economic,accessibility,,lp741c5,0,10,1,0.714,0.714,0.89,0.4,0.325,0,35,35,2645,133,0,distance,,,18–24,Student,"Under LKR 50,000",Kotte / Nawala
12,17b175bb-7581-4da4-be00-83ed4e1a41e4,t7,rajagiriya,economic,accessibility,,lp9855f,0,31,1,0.086,0.171,0.878,0.514,0.575,0,35,35,2645,133,0,distance,,,18–24,Student,"Under LKR 50,000",Kotte / Nawala
12,17b175bb-7581-4da4-be00-83ed4e1a41e4,t7,rajagiriya,economic,accessibility,,lp655a9e91,0,32,1,0.114,0.229,0.882,0.743,0.575,0,35,35,2645,133,0,distance,,,18–24,Student,"Under LKR 50,000",Kotte / Nawala
12,17b175bb-7581-4da4-be00-83ed4e1a41e4,t7,rajagiriya,economic,accessibility,,lp656d3aa9,0,12,1,0.629,0.514,0.882,0.6,0.45,0,35,35,2645,133,0,distance,,,18–24,Student,"Under LKR 50,000",Kotte / Nawala
12,17b175bb-7581-4da4-be00-83ed4e1a41e4,t7,rajagiriya,economic,accessibility,,lp803e1,0,24,1,0.257,0.314,0.98,0.343,0.375,0,35,35,2645,133,0,distance,,,18–24,Student,"Under LKR 50,000",Kotte / Nawala
12,17b175bb-7581-4da4-be00-83ed4e1a41e4,t7,rajagiriya,economic,accessibility,,lpb1537,0,28,1,0.2,0.343,0.988,0.029,0.375,0,35,35,2645,133,0,distance,,,18–24,Student,"Under LKR 50,000",Kotte / Nawala
12,17b175bb-7581-4da4-be00-83ed4e1a41e4,t7,rajagiriya,economic,accessibility,,lp3e58e,0,33,1,0.057,0.057,0.968,0.286,0.625,0,35,35,2645,133,0,distance,,,18–24,Student,"Under LKR 50,000",Kotte / Nawala
12,17b175bb-7581-4da4-be00-83ed4e1a41e4,t7,rajagiriya,economic,accessibility,,lp30277,0,7,1,0.8,0.8,0.976,0.143,0.5,0,35,35,2645,133,0,distance,,,18–24,Student,"Under LKR 50,000",Kotte / Nawala
12,17b175bb-7581-4da4-be00-83ed4e1a41e4,t7,rajagiriya,economic,accessibility,,lp67708,0,21,1,0.4,0.2,0.862,0.829,0.762,0,35,35,2645,133,0,distance,,,18–24,Student,"Under LKR 50,000",Kotte / Nawala
12,17b175bb-7581-4da4-be00-83ed4e1a41e4,t7,rajagiriya,economic,accessibility,,lp7c172,0,27,1,0.229,0.029,0.862,0.8,0.825,0,35,35,2645,133,0,distance,,,18–24,Student,"Under LKR 50,000",Kotte / Nawala
12,17b175bb-7581-4da4-be00-83ed4e1a41e4,t7,rajagiriya,economic,accessibility,,lp33ddb,0,25,1,0.314,0.286,0.98,0.114,0.5,0,35,35,2645,133,0,distance,,,18–24,Student,"Under LKR 50,000",Kotte / Nawala
12,17b175bb-7581-4da4-be00-83ed4e1a41e4,t7,rajagiriya,economic,accessibility,,lpa0a8a,0,13,1,0.657,0.743,0.984,0.171,0.312,0,35,35,2645,133,0,distance,,,18–24,Student,"Under LKR 50,000",Kotte / Nawala
12,17b175bb-7581-4da4-be00-83ed4e1a41e4,t7,rajagiriya,economic,accessibility,,lp1bc0d,0,29,1,0.171,0.086,0.968,0.2,0.562,0,35,35,2645,133,0,distance,,,18–24,Student,"Under LKR 50,000",Kotte / Nawala
12,17b175bb-7581-4da4-be00-83ed4e1a41e4,t7,rajagiriya,economic,accessibility,,lp71118,0,30,1,0.143,0.257,0.76,0.971,0.525,0,35,35,2645,133,0,distance,,,18–24,Student,"Under LKR 50,000",Kotte / Nawala
12,17b175bb-7581-4da4-be00-83ed4e1a41e4,t7,rajagiriya,economic,accessibility,,lp96bf6,1,3,1,0.914,0.914,0.8,0.371,0.812,559,35,35,2645,133,0,distance,,,18–24,Student,"Under LKR 50,000",Kotte / Nawala
12,17b175bb-7581-4da4-be00-83ed4e1a41e4,t7,rajagiriya,economic,accessibility,,lp43673,0,35,1,0,0,0.87,0.486,0.95,0,35,35,2645,133,0,distance,,,18–24,Student,"Under LKR 50,000",Kotte / Nawala
12,17b175bb-7581-4da4-be00-83ed4e1a41e4,t7,rajagiriya,economic,accessibility,,lpc0df6,0,2,1,0.943,0.943,0.693,0.857,0.713,301,35,35,2645,133,0,distance,,,18–24,Student,"Under LKR 50,000",Kotte / Nawala
12,17b175bb-7581-4da4-be00-83ed4e1a41e4,t7,rajagiriya,economic,accessibility,,lp6574b103,0,18,1,0.486,0.686,0.98,0.086,0.375,0,35,35,2645,133,0,distance,,,18–24,Student,"Under LKR 50,000",Kotte / Nawala
12,17b175bb-7581-4da4-be00-83ed4e1a41e4,t7,rajagiriya,economic,accessibility,,lp81760,0,34,1,0.029,0.143,0.878,0.629,0.575,0,35,35,2645,133,0,distance,,,18–24,Student,"Under LKR 50,000",Kotte / Nawala
12,17b175bb-7581-4da4-be00-83ed4e1a41e4,t7,rajagiriya,economic,accessibility,,lp6583218e,0,22,1,0.371,0.371,0.956,0.543,0.375,0,35,35,2645,133,0,distance,,,18–24,Student,"Under LKR 50,000",Kotte / Nawala
12,17b175bb-7581-4da4-be00-83ed4e1a41e4,t7,rajagiriya,economic,accessibility,,lp67286,0,8,1,0.771,0.771,0.89,0.457,0.762,0,35,35,2645,133,0,distance,,,18–24,Student,"Under LKR 50,000",Kotte / Nawala
12,17b175bb-7581-4da4-be00-83ed4e1a41e4,t7,rajagiriya,economic,accessibility,,lpc08f9,0,19,1,0.514,0.543,0.89,0.771,0.2,0,35,35,2645,133,0,distance,,,18–24,Student,"Under LKR 50,000",Kotte / Nawala
12,17b175bb-7581-4da4-be00-83ed4e1a41e4,t7,rajagiriya,economic,accessibility,,lp73ace,0,20,1,0.429,0.4,0.866,0.714,0.825,0,35,35,2645,133,0,distance,,,18–24,Student,"Under LKR 50,000",Kotte / Nawala
12,17b175bb-7581-4da4-be00-83ed4e1a41e4,t7,rajagiriya,economic,accessibility,,lp857b8,0,1,1,0.971,0.971,0.89,0.657,0.762,0,35,35,2645,133,0,distance,,,18–24,Student,"Under LKR 50,000",Kotte / Nawala
12,17b175bb-7581-4da4-be00-83ed4e1a41e4,t7,rajagiriya,economic,accessibility,,lp72a36,0,5,1,0.829,0.829,0.878,0.686,0.887,0,35,35,2645,133,0,distance,,,18–24,Student,"Under LKR 50,000",Kotte / Nawala
12,17b175bb-7581-4da4-be00-83ed4e1a41e4,t7,rajagiriya,economic,accessibility,,lp800a1,0,9,1,0.743,0.629,0.894,0.229,0.2,0,35,35,2645,133,0,distance,,,18–24,Student,"Under LKR 50,000",Kotte / Nawala
12,17b175bb-7581-4da4-be00-83ed4e1a41e4,t7,rajagiriya,economic,accessibility,,lp656d40c7,0,15,1,0.543,0.657,0.988,0.057,0.5,0,35,35,2645,133,0,distance,,,18–24,Student,"Under LKR 50,000",Kotte / Nawala
12,17b175bb-7581-4da4-be00-83ed4e1a41e4,t7,rajagiriya,economic,accessibility,,lp3ca7d,0,23,1,0.343,0.429,0.71,0.571,0.325,0,35,35,2645,133,0,distance,,,18–24,Student,"Under LKR 50,000",Kotte / Nawala
12,17b175bb-7581-4da4-be00-83ed4e1a41e4,t7,rajagiriya,economic,accessibility,,lp40d3f,0,26,1,0.286,0.114,0.85,0.886,0.762,0,35,35,2645,133,0,distance,,,18–24,Student,"Under LKR 50,000",Kotte / Nawala
12,17b175bb-7581-4da4-be00-83ed4e1a41e4,t7,rajagiriya,economic,accessibility,,lp5f0e5,0,4,1,0.886,0.886,0.98,0,0.812,0,35,35,2645,133,0,distance,,,18–24,Student,"Under LKR 50,000",Kotte / Nawala
12,17b175bb-7581-4da4-be00-83ed4e1a41e4,t7,rajagiriya,economic,accessibility,,lp6e625,0,6,1,0.857,0.857,0.78,0.914,0.838,0,35,35,2645,133,0,distance,,,18–24,Student,"Under LKR 50,000",Kotte / Nawala
12,17b175bb-7581-4da4-be00-83ed4e1a41e4,t7,rajagiriya,economic,accessibility,,lp65589ffb,0,16,1,0.571,0.457,0.812,0.314,0.713,0,35,35,2645,133,0,distance,,,18–24,Student,"Under LKR 50,000",Kotte / Nawala
12,17b175bb-7581-4da4-be00-83ed4e1a41e4,t7,rajagiriya,economic,accessibility,,lp6f007,0,11,1,0.686,0.6,0.525,0.943,0.662,0,35,35,2645,133,0,distance,,,18–24,Student,"Under LKR 50,000",Kotte / Nawala
13,17b175bb-7581-4da4-be00-83ed4e1a41e4,t8,kollupitiya,facility,economic,,lp102b02,0,9,1,0.743,0.714,0.984,0.429,0.688,0,35,35,2466,260,0,distance,,,18–24,Student,"Under LKR 50,000",Kotte / Nawala
13,17b175bb-7581-4da4-be00-83ed4e1a41e4,t8,kollupitiya,facility,economic,,lp6557c6e0,0,1,1,0.971,0.771,0.894,0.257,0.45,0,35,35,2466,260,0,distance,,,18–24,Student,"Under LKR 50,000",Kotte / Nawala
13,17b175bb-7581-4da4-be00-83ed4e1a41e4,t8,kollupitiya,facility,economic,,lp741c5,0,7,1,0.8,0.857,0.89,0.4,0.325,0,35,35,2466,260,0,distance,,,18–24,Student,"Under LKR 50,000",Kotte / Nawala
13,17b175bb-7581-4da4-be00-83ed4e1a41e4,t8,kollupitiya,facility,economic,,lp9855f,0,24,1,0.257,0.086,0.878,0.514,0.575,0,35,35,2466,260,0,distance,,,18–24,Student,"Under LKR 50,000",Kotte / Nawala
13,17b175bb-7581-4da4-be00-83ed4e1a41e4,t8,kollupitiya,facility,economic,,lp655a9e91,0,25,1,0.229,0.114,0.882,0.743,0.575,0,35,35,2466,260,0,distance,,,18–24,Student,"Under LKR 50,000",Kotte / Nawala
13,17b175bb-7581-4da4-be00-83ed4e1a41e4,t8,kollupitiya,facility,economic,,lp656d3aa9,0,4,1,0.829,0.943,0.882,0.6,0.45,0,35,35,2466,260,0,distance,,,18–24,Student,"Under LKR 50,000",Kotte / Nawala
13,17b175bb-7581-4da4-be00-83ed4e1a41e4,t8,kollupitiya,facility,economic,,lp803e1,0,10,1,0.714,0.571,0.98,0.343,0.375,0,35,35,2466,260,0,distance,,,18–24,Student,"Under LKR 50,000",Kotte / Nawala
13,17b175bb-7581-4da4-be00-83ed4e1a41e4,t8,kollupitiya,facility,economic,,lpb1537,0,18,1,0.486,0.286,0.988,0.029,0.375,0,35,35,2466,260,0,distance,,,18–24,Student,"Under LKR 50,000",Kotte / Nawala
13,17b175bb-7581-4da4-be00-83ed4e1a41e4,t8,kollupitiya,facility,economic,,lp3e58e,0,23,1,0.343,0.2,0.968,0.286,0.625,0,35,35,2466,260,0,distance,,,18–24,Student,"Under LKR 50,000",Kotte / Nawala
13,17b175bb-7581-4da4-be00-83ed4e1a41e4,t8,kollupitiya,facility,economic,,lp30277,0,13,1,0.629,0.429,0.976,0.143,0.5,0,35,35,2466,260,0,distance,,,18–24,Student,"Under LKR 50,000",Kotte / Nawala
13,17b175bb-7581-4da4-be00-83ed4e1a41e4,t8,kollupitiya,facility,economic,,lp67708,0,32,1,0.086,0.4,0.862,0.829,0.762,0,35,35,2466,260,0,distance,,,18–24,Student,"Under LKR 50,000",Kotte / Nawala
13,17b175bb-7581-4da4-be00-83ed4e1a41e4,t8,kollupitiya,facility,economic,,lp7c172,0,34,1,0.029,0.143,0.862,0.8,0.825,0,35,35,2466,260,0,distance,,,18–24,Student,"Under LKR 50,000",Kotte / Nawala
13,17b175bb-7581-4da4-be00-83ed4e1a41e4,t8,kollupitiya,facility,economic,,lp33ddb,0,14,1,0.6,0.514,0.98,0.114,0.5,0,35,35,2466,260,0,distance,,,18–24,Student,"Under LKR 50,000",Kotte / Nawala
13,17b175bb-7581-4da4-be00-83ed4e1a41e4,t8,kollupitiya,facility,economic,,lpa0a8a,0,5,1,0.857,0.914,0.984,0.171,0.312,0,35,35,2466,260,0,distance,,,18–24,Student,"Under LKR 50,000",Kotte / Nawala
13,17b175bb-7581-4da4-be00-83ed4e1a41e4,t8,kollupitiya,facility,economic,,lp1bc0d,0,22,1,0.371,0.057,0.968,0.2,0.562,0,35,35,2466,260,0,distance,,,18–24,Student,"Under LKR 50,000",Kotte / Nawala
13,17b175bb-7581-4da4-be00-83ed4e1a41e4,t8,kollupitiya,facility,economic,,lp71118,0,26,1,0.286,0.171,0.76,0.971,0.525,0,35,35,2466,260,0,distance,,,18–24,Student,"Under LKR 50,000",Kotte / Nawala
13,17b175bb-7581-4da4-be00-83ed4e1a41e4,t8,kollupitiya,facility,economic,,lp96bf6,0,20,1,0.429,0.314,0.8,0.371,0.812,0,35,35,2466,260,0,distance,,,18–24,Student,"Under LKR 50,000",Kotte / Nawala
13,17b175bb-7581-4da4-be00-83ed4e1a41e4,t8,kollupitiya,facility,economic,,lp43673,0,35,1,0,0,0.87,0.486,0.95,0,35,35,2466,260,0,distance,,,18–24,Student,"Under LKR 50,000",Kotte / Nawala
13,17b175bb-7581-4da4-be00-83ed4e1a41e4,t8,kollupitiya,facility,economic,,lpc0df6,0,21,1,0.4,0.371,0.693,0.857,0.713,0,35,35,2466,260,0,distance,,,18–24,Student,"Under LKR 50,000",Kotte / Nawala
13,17b175bb-7581-4da4-be00-83ed4e1a41e4,t8,kollupitiya,facility,economic,,lp6574b103,1,2,1,0.914,0.829,0.98,0.086,0.375,700,35,35,2466,260,0,distance,,,18–24,Student,"Under LKR 50,000",Kotte / Nawala
13,17b175bb-7581-4da4-be00-83ed4e1a41e4,t8,kollupitiya,facility,economic,,lp81760,0,27,1,0.314,0.229,0.878,0.629,0.575,0,35,35,2466,260,0,distance,,,18–24,Student,"Under LKR 50,000",Kotte / Nawala
13,17b175bb-7581-4da4-be00-83ed4e1a41e4,t8,kollupitiya,facility,economic,,lp6583218e,0,11,1,0.686,0.543,0.956,0.543,0.375,0,35,35,2466,260,0,distance,,,18–24,Student,"Under LKR 50,000",Kotte / Nawala
13,17b175bb-7581-4da4-be00-83ed4e1a41e4,t8,kollupitiya,facility,economic,,lp67286,0,15,1,0.543,0.686,0.89,0.457,0.762,0,35,35,2466,260,0,distance,,,18–24,Student,"Under LKR 50,000",Kotte / Nawala
13,17b175bb-7581-4da4-be00-83ed4e1a41e4,t8,kollupitiya,facility,economic,,lpc08f9,0,6,1,0.886,0.8,0.89,0.771,0.2,0,35,35,2466,260,0,distance,,,18–24,Student,"Under LKR 50,000",Kotte / Nawala
13,17b175bb-7581-4da4-be00-83ed4e1a41e4,t8,kollupitiya,facility,economic,,lp73ace,0,28,1,0.171,0.6,0.866,0.714,0.825,0,35,35,2466,260,0,distance,,,18–24,Student,"Under LKR 50,000",Kotte / Nawala
13,17b175bb-7581-4da4-be00-83ed4e1a41e4,t8,kollupitiya,facility,economic,,lp857b8,0,29,1,0.2,0.343,0.89,0.657,0.762,0,35,35,2466,260,0,distance,,,18–24,Student,"Under LKR 50,000",Kotte / Nawala
13,17b175bb-7581-4da4-be00-83ed4e1a41e4,t8,kollupitiya,facility,economic,,lp72a36,0,33,1,0.057,0.029,0.878,0.686,0.887,0,35,35,2466,260,0,distance,,,18–24,Student,"Under LKR 50,000",Kotte / Nawala
13,17b175bb-7581-4da4-be00-83ed4e1a41e4,t8,kollupitiya,facility,economic,,lp800a1,0,8,1,0.771,0.657,0.894,0.229,0.2,0,35,35,2466,260,0,distance,,,18–24,Student,"Under LKR 50,000",Kotte / Nawala
13,17b175bb-7581-4da4-be00-83ed4e1a41e4,t8,kollupitiya,facility,economic,,lp656d40c7,0,3,1,0.943,0.971,0.988,0.057,0.5,417,35,35,2466,260,0,distance,,,18–24,Student,"Under LKR 50,000",Kotte / Nawala
13,17b175bb-7581-4da4-be00-83ed4e1a41e4,t8,kollupitiya,facility,economic,,lp3ca7d,0,12,1,0.657,0.629,0.71,0.571,0.325,0,35,35,2466,260,0,distance,,,18–24,Student,"Under LKR 50,000",Kotte / Nawala
13,17b175bb-7581-4da4-be00-83ed4e1a41e4,t8,kollupitiya,facility,economic,,lp40d3f,0,31,1,0.114,0.486,0.85,0.886,0.762,0,35,35,2466,260,0,distance,,,18–24,Student,"Under LKR 50,000",Kotte / Nawala
13,17b175bb-7581-4da4-be00-83ed4e1a41e4,t8,kollupitiya,facility,economic,,lp5f0e5,0,19,1,0.457,0.457,0.98,0,0.812,0,35,35,2466,260,0,distance,,,18–24,Student,"Under LKR 50,000",Kotte / Nawala
13,17b175bb-7581-4da4-be00-83ed4e1a41e4,t8,kollupitiya,facility,economic,,lp6e625,0,30,1,0.143,0.257,0.78,0.914,0.838,0,35,35,2466,260,0,distance,,,18–24,Student,"Under LKR 50,000",Kotte / Nawala
13,17b175bb-7581-4da4-be00-83ed4e1a41e4,t8,kollupitiya,facility,economic,,lp65589ffb,0,17,1,0.514,0.743,0.812,0.314,0.713,0,35,35,2466,260,0,distance,,,18–24,Student,"Under LKR 50,000",Kotte / Nawala
13,17b175bb-7581-4da4-be00-83ed4e1a41e4,t8,kollupitiya,facility,economic,,lp6f007,0,16,1,0.571,0.886,0.525,0.943,0.662,0,35,35,2466,260,0,distance,,,18–24,Student,"Under LKR 50,000",Kotte / Nawala
14,17b175bb-7581-4da4-be00-83ed4e1a41e4,t9,dehiwala,disruption,spatial,,lp102b02,0,10,1,0.714,0.8,0.984,0.429,0.688,0,35,35,2170,146,0,distance,,,18–24,Student,"Under LKR 50,000",Kotte / Nawala
14,17b175bb-7581-4da4-be00-83ed4e1a41e4,t9,dehiwala,disruption,spatial,,lp6557c6e0,0,12,1,0.629,0.6,0.894,0.257,0.45,0,35,35,2170,146,0,distance,,,18–24,Student,"Under LKR 50,000",Kotte / Nawala
14,17b175bb-7581-4da4-be00-83ed4e1a41e4,t9,dehiwala,disruption,spatial,,lp741c5,0,14,1,0.6,0.571,0.89,0.4,0.325,0,35,35,2170,146,0,distance,,,18–24,Student,"Under LKR 50,000",Kotte / Nawala
14,17b175bb-7581-4da4-be00-83ed4e1a41e4,t9,dehiwala,disruption,spatial,,lp9855f,0,31,1,0.057,0.057,0.878,0.514,0.575,0,35,35,2170,146,0,distance,,,18–24,Student,"Under LKR 50,000",Kotte / Nawala
14,17b175bb-7581-4da4-be00-83ed4e1a41e4,t9,dehiwala,disruption,spatial,,lp655a9e91,0,32,1,0.029,0.086,0.882,0.743,0.575,0,35,35,2170,146,0,distance,,,18–24,Student,"Under LKR 50,000",Kotte / Nawala
14,17b175bb-7581-4da4-be00-83ed4e1a41e4,t9,dehiwala,disruption,spatial,,lp656d3aa9,0,11,1,0.686,0.686,0.882,0.6,0.45,0,35,35,2170,146,0,distance,,,18–24,Student,"Under LKR 50,000",Kotte / Nawala
14,17b175bb-7581-4da4-be00-83ed4e1a41e4,t9,dehiwala,disruption,spatial,,lp803e1,0,24,1,0.314,0.343,0.98,0.343,0.375,0,35,35,2170,146,0,distance,,,18–24,Student,"Under LKR 50,000",Kotte / Nawala
14,17b175bb-7581-4da4-be00-83ed4e1a41e4,t9,dehiwala,disruption,spatial,,lpb1537,0,28,1,0.2,0.2,0.988,0.029,0.375,0,35,35,2170,146,0,distance,,,18–24,Student,"Under LKR 50,000",Kotte / Nawala
14,17b175bb-7581-4da4-be00-83ed4e1a41e4,t9,dehiwala,disruption,spatial,,lp3e58e,0,30,1,0.143,0.143,0.968,0.286,0.625,0,35,35,2170,146,0,distance,,,18–24,Student,"Under LKR 50,000",Kotte / Nawala
14,17b175bb-7581-4da4-be00-83ed4e1a41e4,t9,dehiwala,disruption,spatial,,lp30277,0,23,1,0.343,0.229,0.976,0.143,0.5,0,35,35,2170,146,0,distance,,,18–24,Student,"Under LKR 50,000",Kotte / Nawala
14,17b175bb-7581-4da4-be00-83ed4e1a41e4,t9,dehiwala,disruption,spatial,,lp67708,0,2,1,0.943,0.886,0.862,0.829,0.762,167,35,35,2170,146,0,distance,,,18–24,Student,"Under LKR 50,000",Kotte / Nawala
14,17b175bb-7581-4da4-be00-83ed4e1a41e4,t9,dehiwala,disruption,spatial,,lp7c172,1,1,1,0.971,0.971,0.862,0.8,0.825,343,35,35,2170,146,0,distance,,,18–24,Student,"Under LKR 50,000",Kotte / Nawala
14,17b175bb-7581-4da4-be00-83ed4e1a41e4,t9,dehiwala,disruption,spatial,,lp33ddb,0,27,1,0.229,0.257,0.98,0.114,0.5,0,35,35,2170,146,0,distance,,,18–24,Student,"Under LKR 50,000",Kotte / Nawala
14,17b175bb-7581-4da4-be00-83ed4e1a41e4,t9,dehiwala,disruption,spatial,,lpa0a8a,0,15,1,0.543,0.629,0.984,0.171,0.312,0,35,35,2170,146,0,distance,,,18–24,Student,"Under LKR 50,000",Kotte / Nawala
14,17b175bb-7581-4da4-be00-83ed4e1a41e4,t9,dehiwala,disruption,spatial,,lp1bc0d,0,29,1,0.171,0.029,0.968,0.2,0.562,0,35,35,2170,146,0,distance,,,18–24,Student,"Under LKR 50,000",Kotte / Nawala
14,17b175bb-7581-4da4-be00-83ed4e1a41e4,t9,dehiwala,disruption,spatial,,lp71118,0,33,1,0.114,0.114,0.76,0.971,0.525,0,35,35,2170,146,0,distance,,,18–24,Student,"Under LKR 50,000",Kotte / Nawala
14,17b175bb-7581-4da4-be00-83ed4e1a41e4,t9,dehiwala,disruption,spatial,,lp96bf6,0,22,1,0.371,0.286,0.8,0.371,0.812,0,35,35,2170,146,0,distance,,,18–24,Student,"Under LKR 50,000",Kotte / Nawala
14,17b175bb-7581-4da4-be00-83ed4e1a41e4,t9,dehiwala,disruption,spatial,,lp43673,0,35,1,0,0,0.87,0.486,0.95,0,35,35,2170,146,0,distance,,,18–24,Student,"Under LKR 50,000",Kotte / Nawala
14,17b175bb-7581-4da4-be00-83ed4e1a41e4,t9,dehiwala,disruption,spatial,,lpc0df6,0,18,1,0.457,0.429,0.693,0.857,0.713,0,35,35,2170,146,0,distance,,,18–24,Student,"Under LKR 50,000",Kotte / Nawala
14,17b175bb-7581-4da4-be00-83ed4e1a41e4,t9,dehiwala,disruption,spatial,,lp6574b103,0,16,1,0.571,0.543,0.98,0.086,0.375,0,35,35,2170,146,0,distance,,,18–24,Student,"Under LKR 50,000",Kotte / Nawala
14,17b175bb-7581-4da4-be00-83ed4e1a41e4,t9,dehiwala,disruption,spatial,,lp81760,0,34,1,0.086,0.171,0.878,0.629,0.575,0,35,35,2170,146,0,distance,,,18–24,Student,"Under LKR 50,000",Kotte / Nawala
14,17b175bb-7581-4da4-be00-83ed4e1a41e4,t9,dehiwala,disruption,spatial,,lp6583218e,0,25,1,0.286,0.314,0.956,0.543,0.375,0,35,35,2170,146,0,distance,,,18–24,Student,"Under LKR 50,000",Kotte / Nawala
14,17b175bb-7581-4da4-be00-83ed4e1a41e4,t9,dehiwala,disruption,spatial,,lp67286,0,8,1,0.743,0.743,0.89,0.457,0.762,0,35,35,2170,146,0,distance,,,18–24,Student,"Under LKR 50,000",Kotte / Nawala
14,17b175bb-7581-4da4-be00-83ed4e1a41e4,t9,dehiwala,disruption,spatial,,lpc08f9,0,17,1,0.514,0.514,0.89,0.771,0.2,0,35,35,2170,146,0,distance,,,18–24,Student,"Under LKR 50,000",Kotte / Nawala
14,17b175bb-7581-4da4-be00-83ed4e1a41e4,t9,dehiwala,disruption,spatial,,lp73ace,0,5,1,0.857,0.914,0.866,0.714,0.825,0,35,35,2170,146,0,distance,,,18–24,Student,"Under LKR 50,000",Kotte / Nawala
14,17b175bb-7581-4da4-be00-83ed4e1a41e4,t9,dehiwala,disruption,spatial,,lp857b8,0,19,1,0.486,0.371,0.89,0.657,0.762,0,35,35,2170,146,0,distance,,,18–24,Student,"Under LKR 50,000",Kotte / Nawala
14,17b175bb-7581-4da4-be00-83ed4e1a41e4,t9,dehiwala,disruption,spatial,,lp72a36,0,4,1,0.886,0.829,0.878,0.686,0.887,0,35,35,2170,146,0,distance,,,18–24,Student,"Under LKR 50,000",Kotte / Nawala
14,17b175bb-7581-4da4-be00-83ed4e1a41e4,t9,dehiwala,disruption,spatial,,lp800a1,0,21,1,0.4,0.486,0.894,0.229,0.2,0,35,35,2170,146,0,distance,,,18–24,Student,"Under LKR 50,000",Kotte / Nawala
14,17b175bb-7581-4da4-be00-83ed4e1a41e4,t9,dehiwala,disruption,spatial,,lp656d40c7,0,13,1,0.657,0.657,0.988,0.057,0.5,0,35,35,2170,146,0,distance,,,18–24,Student,"Under LKR 50,000",Kotte / Nawala
14,17b175bb-7581-4da4-be00-83ed4e1a41e4,t9,dehiwala,disruption,spatial,,lp3ca7d,0,26,1,0.257,0.4,0.71,0.571,0.325,0,35,35,2170,146,0,distance,,,18–24,Student,"Under LKR 50,000",Kotte / Nawala
14,17b175bb-7581-4da4-be00-83ed4e1a41e4,t9,dehiwala,disruption,spatial,,lp40d3f,0,3,1,0.914,0.943,0.85,0.886,0.762,382,35,35,2170,146,0,distance,,,18–24,Student,"Under LKR 50,000",Kotte / Nawala
14,17b175bb-7581-4da4-be00-83ed4e1a41e4,t9,dehiwala,disruption,spatial,,lp5f0e5,0,20,1,0.429,0.457,0.98,0,0.812,0,35,35,2170,146,0,distance,,,18–24,Student,"Under LKR 50,000",Kotte / Nawala
14,17b175bb-7581-4da4-be00-83ed4e1a41e4,t9,dehiwala,disruption,spatial,,lp6e625,0,6,1,0.829,0.714,0.78,0.914,0.838,0,35,35,2170,146,0,distance,,,18–24,Student,"Under LKR 50,000",Kotte / Nawala
14,17b175bb-7581-4da4-be00-83ed4e1a41e4,t9,dehiwala,disruption,spatial,,lp65589ffb,0,7,1,0.8,0.857,0.812,0.314,0.713,0,35,35,2170,146,0,distance,,,18–24,Student,"Under LKR 50,000",Kotte / Nawala
14,17b175bb-7581-4da4-be00-83ed4e1a41e4,t9,dehiwala,disruption,spatial,,lp6f007,0,9,1,0.771,0.771,0.525,0.943,0.662,0,35,35,2170,146,0,distance,,,18–24,Student,"Under LKR 50,000",Kotte / Nawala
15,17b175bb-7581-4da4-be00-83ed4e1a41e4,t10,battaramulla,accessibility,facility,t2,lp102b02,0,15,1,0.514,0.486,0.984,0.429,0.688,0,35,35,2527,394,0,distance,,,18–24,Student,"Under LKR 50,000",Kotte / Nawala
15,17b175bb-7581-4da4-be00-83ed4e1a41e4,t10,battaramulla,accessibility,facility,t2,lp6557c6e0,0,21,1,0.343,0.571,0.894,0.257,0.45,0,35,35,2527,394,0,distance,,,18–24,Student,"Under LKR 50,000",Kotte / Nawala
15,17b175bb-7581-4da4-be00-83ed4e1a41e4,t10,battaramulla,accessibility,facility,t2,lp741c5,0,16,1,0.543,0.714,0.89,0.4,0.325,0,35,35,2527,394,0,distance,,,18–24,Student,"Under LKR 50,000",Kotte / Nawala
15,17b175bb-7581-4da4-be00-83ed4e1a41e4,t10,battaramulla,accessibility,facility,t2,lp9855f,0,30,1,0.086,0.171,0.878,0.514,0.575,0,35,35,2527,394,0,distance,,,18–24,Student,"Under LKR 50,000",Kotte / Nawala
15,17b175bb-7581-4da4-be00-83ed4e1a41e4,t10,battaramulla,accessibility,facility,t2,lp655a9e91,0,31,1,0.114,0.229,0.882,0.743,0.575,0,35,35,2527,394,0,distance,,,18–24,Student,"Under LKR 50,000",Kotte / Nawala
15,17b175bb-7581-4da4-be00-83ed4e1a41e4,t10,battaramulla,accessibility,facility,t2,lp656d3aa9,0,18,1,0.486,0.514,0.882,0.6,0.45,0,35,35,2527,394,0,distance,,,18–24,Student,"Under LKR 50,000",Kotte / Nawala
15,17b175bb-7581-4da4-be00-83ed4e1a41e4,t10,battaramulla,accessibility,facility,t2,lp803e1,0,26,1,0.229,0.343,0.98,0.343,0.375,0,35,35,2527,394,0,distance,,,18–24,Student,"Under LKR 50,000",Kotte / Nawala
15,17b175bb-7581-4da4-be00-83ed4e1a41e4,t10,battaramulla,accessibility,facility,t2,lpb1537,0,28,1,0.2,0.286,0.988,0.029,0.375,0,35,35,2527,394,0,distance,,,18–24,Student,"Under LKR 50,000",Kotte / Nawala
15,17b175bb-7581-4da4-be00-83ed4e1a41e4,t10,battaramulla,accessibility,facility,t2,lp3e58e,0,33,1,0.057,0.057,0.968,0.286,0.625,0,35,35,2527,394,0,distance,,,18–24,Student,"Under LKR 50,000",Kotte / Nawala
15,17b175bb-7581-4da4-be00-83ed4e1a41e4,t10,battaramulla,accessibility,facility,t2,lp30277,0,12,1,0.657,0.8,0.976,0.143,0.5,0,35,35,2527,394,0,distance,,,18–24,Student,"Under LKR 50,000",Kotte / Nawala
15,17b175bb-7581-4da4-be00-83ed4e1a41e4,t10,battaramulla,accessibility,facility,t2,lp67708,0,7,1,0.771,0.2,0.862,0.829,0.762,0,35,35,2527,394,0,distance,,,18–24,Student,"Under LKR 50,000",Kotte / Nawala
15,17b175bb-7581-4da4-be00-83ed4e1a41e4,t10,battaramulla,accessibility,facility,t2,lp7c172,0,17,1,0.571,0.029,0.862,0.8,0.825,0,35,35,2527,394,0,distance,,,18–24,Student,"Under LKR 50,000",Kotte / Nawala
15,17b175bb-7581-4da4-be00-83ed4e1a41e4,t10,battaramulla,accessibility,facility,t2,lp33ddb,0,27,1,0.257,0.314,0.98,0.114,0.5,0,35,35,2527,394,0,distance,,,18–24,Student,"Under LKR 50,000",Kotte / Nawala
15,17b175bb-7581-4da4-be00-83ed4e1a41e4,t10,battaramulla,accessibility,facility,t2,lpa0a8a,0,19,1,0.457,0.743,0.984,0.171,0.312,0,35,35,2527,394,0,distance,,,18–24,Student,"Under LKR 50,000",Kotte / Nawala
15,17b175bb-7581-4da4-be00-83ed4e1a41e4,t10,battaramulla,accessibility,facility,t2,lp1bc0d,0,29,1,0.171,0.086,0.968,0.2,0.562,0,35,35,2527,394,0,distance,,,18–24,Student,"Under LKR 50,000",Kotte / Nawala
15,17b175bb-7581-4da4-be00-83ed4e1a41e4,t10,battaramulla,accessibility,facility,t2,lp71118,0,32,1,0.143,0.257,0.76,0.971,0.525,0,35,35,2527,394,0,distance,,,18–24,Student,"Under LKR 50,000",Kotte / Nawala
15,17b175bb-7581-4da4-be00-83ed4e1a41e4,t10,battaramulla,accessibility,facility,t2,lp96bf6,0,6,1,0.829,0.914,0.8,0.371,0.812,0,35,35,2527,394,0,distance,,,18–24,Student,"Under LKR 50,000",Kotte / Nawala
15,17b175bb-7581-4da4-be00-83ed4e1a41e4,t10,battaramulla,accessibility,facility,t2,lp43673,0,35,1,0,0,0.87,0.486,0.95,0,35,35,2527,394,0,distance,,,18–24,Student,"Under LKR 50,000",Kotte / Nawala
15,17b175bb-7581-4da4-be00-83ed4e1a41e4,t10,battaramulla,accessibility,facility,t2,lpc0df6,1,3,1,0.886,0.943,0.693,0.857,0.713,611,35,35,2527,394,0,distance,,,18–24,Student,"Under LKR 50,000",Kotte / Nawala
15,17b175bb-7581-4da4-be00-83ed4e1a41e4,t10,battaramulla,accessibility,facility,t2,lp6574b103,0,22,1,0.4,0.686,0.98,0.086,0.375,0,35,35,2527,394,0,distance,,,18–24,Student,"Under LKR 50,000",Kotte / Nawala
15,17b175bb-7581-4da4-be00-83ed4e1a41e4,t10,battaramulla,accessibility,facility,t2,lp81760,0,34,1,0.029,0.114,0.878,0.629,0.575,0,35,35,2527,394,0,distance,,,18–24,Student,"Under LKR 50,000",Kotte / Nawala
15,17b175bb-7581-4da4-be00-83ed4e1a41e4,t10,battaramulla,accessibility,facility,t2,lp6583218e,0,24,1,0.314,0.371,0.956,0.543,0.375,0,35,35,2527,394,0,distance,,,18–24,Student,"Under LKR 50,000",Kotte / Nawala
15,17b175bb-7581-4da4-be00-83ed4e1a41e4,t10,battaramulla,accessibility,facility,t2,lp67286,0,8,1,0.8,0.771,0.89,0.457,0.762,0,35,35,2527,394,0,distance,,,18–24,Student,"Under LKR 50,000",Kotte / Nawala
15,17b175bb-7581-4da4-be00-83ed4e1a41e4,t10,battaramulla,accessibility,facility,t2,lpc08f9,0,23,1,0.371,0.543,0.89,0.771,0.2,0,35,35,2527,394,0,distance,,,18–24,Student,"Under LKR 50,000",Kotte / Nawala
15,17b175bb-7581-4da4-be00-83ed4e1a41e4,t10,battaramulla,accessibility,facility,t2,lp73ace,0,10,1,0.714,0.4,0.866,0.714,0.825,0,35,35,2527,394,0,distance,,,18–24,Student,"Under LKR 50,000",Kotte / Nawala
15,17b175bb-7581-4da4-be00-83ed4e1a41e4,t10,battaramulla,accessibility,facility,t2,lp857b8,0,2,1,0.943,0.971,0.89,0.657,0.762,332,35,35,2527,394,0,distance,,,18–24,Student,"Under LKR 50,000",Kotte / Nawala
15,17b175bb-7581-4da4-be00-83ed4e1a41e4,t10,battaramulla,accessibility,facility,t2,lp72a36,0,1,1,0.971,0.829,0.878,0.686,0.887,0,35,35,2527,394,0,distance,,,18–24,Student,"Under LKR 50,000",Kotte / Nawala
15,17b175bb-7581-4da4-be00-83ed4e1a41e4,t10,battaramulla,accessibility,facility,t2,lp800a1,0,13,1,0.6,0.629,0.894,0.229,0.2,0,35,35,2527,394,0,distance,,,18–24,Student,"Under LKR 50,000",Kotte / Nawala
15,17b175bb-7581-4da4-be00-83ed4e1a41e4,t10,battaramulla,accessibility,facility,t2,lp656d40c7,0,20,1,0.429,0.657,0.988,0.057,0.5,0,35,35,2527,394,0,distance,,,18–24,Student,"Under LKR 50,000",Kotte / Nawala
15,17b175bb-7581-4da4-be00-83ed4e1a41e4,t10,battaramulla,accessibility,facility,t2,lp3ca7d,0,25,1,0.286,0.429,0.71,0.571,0.325,0,35,35,2527,394,0,distance,,,18–24,Student,"Under LKR 50,000",Kotte / Nawala
15,17b175bb-7581-4da4-be00-83ed4e1a41e4,t10,battaramulla,accessibility,facility,t2,lp40d3f,0,11,1,0.686,0.143,0.85,0.886,0.762,0,35,35,2527,394,0,distance,,,18–24,Student,"Under LKR 50,000",Kotte / Nawala
15,17b175bb-7581-4da4-be00-83ed4e1a41e4,t10,battaramulla,accessibility,facility,t2,lp5f0e5,0,5,1,0.857,0.886,0.98,0,0.812,0,35,35,2527,394,0,distance,,,18–24,Student,"Under LKR 50,000",Kotte / Nawala
15,17b175bb-7581-4da4-be00-83ed4e1a41e4,t10,battaramulla,accessibility,facility,t2,lp6e625,0,4,1,0.914,0.857,0.78,0.914,0.838,0,35,35,2527,394,0,distance,,,18–24,Student,"Under LKR 50,000",Kotte / Nawala
15,17b175bb-7581-4da4-be00-83ed4e1a41e4,t10,battaramulla,accessibility,facility,t2,lp65589ffb,0,14,1,0.629,0.457,0.812,0.314,0.713,0,35,35,2527,394,0,distance,,,18–24,Student,"Under LKR 50,000",Kotte / Nawala
15,17b175bb-7581-4da4-be00-83ed4e1a41e4,t10,battaramulla,accessibility,facility,t2,lp6f007,0,9,1,0.743,0.6,0.525,0.943,0.662,0,35,35,2527,394,0,distance,,,18–24,Student,"Under LKR 50,000",Kotte / Nawala
16,16a8fdb3-c728-4dfa-9390-dca9c0b1a299,t1,galle_face,spatial,economic,,lp102b02,0,5,1,0.4,0.343,0.984,0.429,0.688,0,12,35,111769,43412,0,distance,pool,30000,25–34,IT / software,"LKR 100,000 – 200,000",Nugegoda / Maharagama
16,16a8fdb3-c728-4dfa-9390-dca9c0b1a299,t1,galle_face,spatial,economic,,lp6557c6e0,0,0,0,0.514,0.571,0.894,0.257,0.45,0,12,35,111769,43412,0,distance,pool,30000,25–34,IT / software,"LKR 100,000 – 200,000",Nugegoda / Maharagama
16,16a8fdb3-c728-4dfa-9390-dca9c0b1a299,t1,galle_face,spatial,economic,,lp741c5,0,0,0,0.486,0.486,0.89,0.4,0.325,0,12,35,111769,43412,0,distance,pool,30000,25–34,IT / software,"LKR 100,000 – 200,000",Nugegoda / Maharagama
16,16a8fdb3-c728-4dfa-9390-dca9c0b1a299,t1,galle_face,spatial,economic,,lp9855f,0,0,0,0.8,0.686,0.878,0.514,0.575,0,12,35,111769,43412,0,distance,pool,30000,25–34,IT / software,"LKR 100,000 – 200,000",Nugegoda / Maharagama
16,16a8fdb3-c728-4dfa-9390-dca9c0b1a299,t1,galle_face,spatial,economic,,lp655a9e91,0,0,0,0.771,0.743,0.882,0.743,0.575,0,12,35,111769,43412,0,distance,pool,30000,25–34,IT / software,"LKR 100,000 – 200,000",Nugegoda / Maharagama
16,16a8fdb3-c728-4dfa-9390-dca9c0b1a299,t1,galle_face,spatial,economic,,lp656d3aa9,0,4,1,0.429,0.543,0.882,0.6,0.45,0,12,35,111769,43412,0,distance,pool,30000,25–34,IT / software,"LKR 100,000 – 200,000",Nugegoda / Maharagama
16,16a8fdb3-c728-4dfa-9390-dca9c0b1a299,t1,galle_face,spatial,economic,,lp803e1,0,0,0,0.743,0.857,0.98,0.343,0.375,0,12,35,111769,43412,0,distance,pool,30000,25–34,IT / software,"LKR 100,000 – 200,000",Nugegoda / Maharagama
16,16a8fdb3-c728-4dfa-9390-dca9c0b1a299,t1,galle_face,spatial,economic,,lpb1537,0,0,0,0.971,0.971,0.988,0.029,0.375,0,12,35,111769,43412,0,distance,pool,30000,25–34,IT / software,"LKR 100,000 – 200,000",Nugegoda / Maharagama
16,16a8fdb3-c728-4dfa-9390-dca9c0b1a299,t1,galle_face,spatial,economic,,lp3e58e,0,0,0,0.943,0.914,0.968,0.286,0.625,0,12,35,111769,43412,0,distance,pool,30000,25–34,IT / software,"LKR 100,000 – 200,000",Nugegoda / Maharagama
16,16a8fdb3-c728-4dfa-9390-dca9c0b1a299,t1,galle_face,spatial,economic,,lp30277,0,0,0,0.657,0.457,0.976,0.143,0.5,0,12,35,111769,43412,0,distance,pool,30000,25–34,IT / software,"LKR 100,000 – 200,000",Nugegoda / Maharagama
16,16a8fdb3-c728-4dfa-9390-dca9c0b1a299,t1,galle_face,spatial,economic,,lp67708,0,10,1,0.086,0.114,0.862,0.829,0.762,0,12,35,111769,43412,0,distance,pool,30000,25–34,IT / software,"LKR 100,000 – 200,000",Nugegoda / Maharagama
16,16a8fdb3-c728-4dfa-9390-dca9c0b1a299,t1,galle_face,spatial,economic,,lp7c172,0,11,1,0.029,0.057,0.862,0.8,0.825,0,12,35,111769,43412,0,distance,pool,30000,25–34,IT / software,"LKR 100,000 – 200,000",Nugegoda / Maharagama
16,16a8fdb3-c728-4dfa-9390-dca9c0b1a299,t1,galle_face,spatial,economic,,lp33ddb,0,0,0,0.886,0.771,0.98,0.114,0.5,0,12,35,111769,43412,0,distance,pool,30000,25–34,IT / software,"LKR 100,000 – 200,000",Nugegoda / Maharagama
16,16a8fdb3-c728-4dfa-9390-dca9c0b1a299,t1,galle_face,spatial,economic,,lpa0a8a,0,0,0,0.543,0.514,0.984,0.171,0.312,0,12,35,111769,43412,0,distance,pool,30000,25–34,IT / software,"LKR 100,000 – 200,000",Nugegoda / Maharagama
16,16a8fdb3-c728-4dfa-9390-dca9c0b1a299,t1,galle_face,spatial,economic,,lp1bc0d,0,0,0,0.914,0.6,0.968,0.2,0.562,0,12,35,111769,43412,0,distance,pool,30000,25–34,IT / software,"LKR 100,000 – 200,000",Nugegoda / Maharagama
16,16a8fdb3-c728-4dfa-9390-dca9c0b1a299,t1,galle_face,spatial,economic,,lp71118,0,0,0,0.829,0.8,0.76,0.971,0.525,0,12,35,111769,43412,0,distance,pool,30000,25–34,IT / software,"LKR 100,000 – 200,000",Nugegoda / Maharagama
16,16a8fdb3-c728-4dfa-9390-dca9c0b1a299,t1,galle_face,spatial,economic,,lp96bf6,0,0,0,0.371,0.2,0.8,0.371,0.812,0,12,35,111769,43412,0,distance,pool,30000,25–34,IT / software,"LKR 100,000 – 200,000",Nugegoda / Maharagama
16,16a8fdb3-c728-4dfa-9390-dca9c0b1a299,t1,galle_face,spatial,economic,,lp43673,0,12,1,0,0,0.87,0.486,0.95,0,12,35,111769,43412,0,distance,pool,30000,25–34,IT / software,"LKR 100,000 – 200,000",Nugegoda / Maharagama
16,16a8fdb3-c728-4dfa-9390-dca9c0b1a299,t1,galle_face,spatial,economic,,lpc0df6,0,0,0,0.314,0.229,0.693,0.857,0.713,0,12,35,111769,43412,0,distance,pool,30000,25–34,IT / software,"LKR 100,000 – 200,000",Nugegoda / Maharagama
16,16a8fdb3-c728-4dfa-9390-dca9c0b1a299,t1,galle_face,spatial,economic,,lp6574b103,0,0,0,0.571,0.657,0.98,0.086,0.375,0,12,35,111769,43412,0,distance,pool,30000,25–34,IT / software,"LKR 100,000 – 200,000",Nugegoda / Maharagama
16,16a8fdb3-c728-4dfa-9390-dca9c0b1a299,t1,galle_face,spatial,economic,,lp81760,0,0,0,0.857,0.943,0.878,0.629,0.575,0,12,35,111769,43412,0,distance,pool,30000,25–34,IT / software,"LKR 100,000 – 200,000",Nugegoda / Maharagama
16,16a8fdb3-c728-4dfa-9390-dca9c0b1a299,t1,galle_face,spatial,economic,,lp6583218e,0,2,1,0.686,0.829,0.956,0.543,0.375,0,12,35,111769,43412,0,distance,pool,30000,25–34,IT / software,"LKR 100,000 – 200,000",Nugegoda / Maharagama
16,16a8fdb3-c728-4dfa-9390-dca9c0b1a299,t1,galle_face,spatial,economic,,lp67286,0,6,1,0.257,0.314,0.89,0.457,0.762,0,12,35,111769,43412,0,distance,pool,30000,25–34,IT / software,"LKR 100,000 – 200,000",Nugegoda / Maharagama
16,16a8fdb3-c728-4dfa-9390-dca9c0b1a299,t1,galle_face,spatial,economic,,lpc08f9,1,3,1,0.629,0.714,0.89,0.771,0.2,0,12,35,111769,43412,0,distance,pool,30000,25–34,IT / software,"LKR 100,000 – 200,000",Nugegoda / Maharagama
16,16a8fdb3-c728-4dfa-9390-dca9c0b1a299,t1,galle_face,spatial,economic,,lp73ace,0,0,0,0.171,0.286,0.866,0.714,0.825,0,12,35,111769,43412,0,distance,pool,30000,25–34,IT / software,"LKR 100,000 – 200,000",Nugegoda / Maharagama
16,16a8fdb3-c728-4dfa-9390-dca9c0b1a299,t1,galle_face,spatial,economic,,lp857b8,0,7,1,0.2,0.171,0.89,0.657,0.762,0,12,35,111769,43412,0,distance,pool,30000,25–34,IT / software,"LKR 100,000 – 200,000",Nugegoda / Maharagama
16,16a8fdb3-c728-4dfa-9390-dca9c0b1a299,t1,galle_face,spatial,economic,,lp72a36,0,0,0,0.057,0.029,0.878,0.686,0.887,0,12,35,111769,43412,0,distance,pool,30000,25–34,IT / software,"LKR 100,000 – 200,000",Nugegoda / Maharagama
16,16a8fdb3-c728-4dfa-9390-dca9c0b1a299,t1,galle_face,spatial,economic,,lp800a1,0,0,0,0.6,0.429,0.894,0.229,0.2,0,12,35,111769,43412,0,distance,pool,30000,25–34,IT / software,"LKR 100,000 – 200,000",Nugegoda / Maharagama
16,16a8fdb3-c728-4dfa-9390-dca9c0b1a299,t1,galle_face,spatial,economic,,lp656d40c7,0,0,0,0.457,0.629,0.988,0.057,0.5,0,12,35,111769,43412,0,distance,pool,30000,25–34,IT / software,"LKR 100,000 – 200,000",Nugegoda / Maharagama
16,16a8fdb3-c728-4dfa-9390-dca9c0b1a299,t1,galle_face,spatial,economic,,lp3ca7d,0,1,1,0.714,0.886,0.71,0.571,0.325,0,12,35,111769,43412,0,distance,pool,30000,25–34,IT / software,"LKR 100,000 – 200,000",Nugegoda / Maharagama
16,16a8fdb3-c728-4dfa-9390-dca9c0b1a299,t1,galle_face,spatial,economic,,lp40d3f,0,9,1,0.114,0.143,0.85,0.886,0.762,0,12,35,111769,43412,0,distance,pool,30000,25–34,IT / software,"LKR 100,000 – 200,000",Nugegoda / Maharagama
16,16a8fdb3-c728-4dfa-9390-dca9c0b1a299,t1,galle_face,spatial,economic,,lp5f0e5,0,0,0,0.343,0.257,0.98,0,0.812,0,12,35,111769,43412,0,distance,pool,30000,25–34,IT / software,"LKR 100,000 – 200,000",Nugegoda / Maharagama
16,16a8fdb3-c728-4dfa-9390-dca9c0b1a299,t1,galle_face,spatial,economic,,lp6e625,0,8,1,0.143,0.086,0.78,0.914,0.838,0,12,35,111769,43412,0,distance,pool,30000,25–34,IT / software,"LKR 100,000 – 200,000",Nugegoda / Maharagama
16,16a8fdb3-c728-4dfa-9390-dca9c0b1a299,t1,galle_face,spatial,economic,,lp65589ffb,0,0,0,0.229,0.371,0.812,0.314,0.713,0,12,35,111769,43412,0,distance,pool,30000,25–34,IT / software,"LKR 100,000 – 200,000",Nugegoda / Maharagama
16,16a8fdb3-c728-4dfa-9390-dca9c0b1a299,t1,galle_face,spatial,economic,,lp6f007,0,0,0,0.286,0.4,0.525,0.943,0.662,0,12,35,111769,43412,0,distance,pool,30000,25–34,IT / software,"LKR 100,000 – 200,000",Nugegoda / Maharagama
